user_id,place_id,rating
101524,P117,2
106422,P113,4
108111,P115,1
107630,P118,3
105495,P106,1
107769,P118,5
105354,P105,3
106666,P112,3
100928,P114,0
100155,P107,0
102116,P116,2
109009,P117,2
109044,P111,0
105074,P117,4
105052,P115,5
102947,P110,2
107272,P115,2
103448,P111,4
103209,P118,0
103818,P105,5
101561,P110,1
102115,P111,4
107468,P106,0
100124,P107,4
106318,P113,3
104401,P110,3
106396,P105,3
108460,P107,4
109889,P104,5
103899,P115,2
101542,P107,5
106646,P115,0
105221,P107,1
104492,P114,5
107618,P113,3
104739,P113,3
102345,P108,0
107628,P114,1
102837,P105,4
103703,P107,4
108445,P117,4
105326,P116,5
103929,P113,4
108175,P113,2
104710,P110,2
108459,P110,4
101951,P117,0
109135,P104,4
107669,P112,4
109869,P104,5
100697,P115,3
100509,P104,3
104610,P116,0
109528,P105,2
103473,P104,2
105522,P107,0
100970,P105,5
102289,P113,0
102636,P111,4
107786,P107,4
102156,P116,0
100113,P111,4
104150,P110,0
106929,P107,2
104399,P110,2
109194,P108,1
103101,P105,2
108810,P109,1
107981,P117,5
104219,P118,4
105141,P114,5
106261,P104,5
109644,P108,5
103341,P106,2
109838,P113,0
103099,P113,0
108547,P112,5
104502,P115,5
101867,P112,3
108557,P105,3
105835,P104,4
105045,P111,3
106459,P105,1
104418,P111,3
108167,P106,3
101116,P105,2
102805,P105,3
107257,P113,1
100856,P111,4
104525,P108,5
100296,P107,1
102525,P106,1
102170,P112,0
109720,P112,4
103220,P108,5
106019,P108,2
101523,P108,1
105509,P104,5
105329,P109,4
104113,P117,0
102429,P116,0
102240,P112,3
105041,P110,3
102602,P118,4
107743,P118,5
105538,P115,5
107692,P108,0
108143,P112,2
109167,P108,3
109444,P105,2
106652,P112,0
102789,P114,0
105131,P111,3
100922,P105,4
107342,P113,5
100459,P118,3
103433,P116,2
104199,P107,1
103510,P112,3
103718,P111,3
100127,P104,5
103544,P104,2
109146,P106,1
102886,P115,5
103008,P107,4
102374,P116,3
100257,P104,5
105831,P108,3
106674,P112,4
104849,P109,3
104210,P116,2
108414,P116,1
104248,P112,4
100332,P109,2
104835,P107,1
106476,P117,4
109790,P112,5
104539,P114,1
100193,P113,3
104011,P116,4
108012,P104,1
107245,P111,1
107645,P105,0
108595,P108,3
101206,P111,3
100607,P116,0
109500,P110,3
100023,P108,2
104356,P108,2
106197,P112,1
100121,P114,1
102722,P112,2
101024,P109,2
109475,P115,2
102527,P104,2
101417,P107,1
103001,P116,0
106583,P106,5
108683,P109,0
107501,P110,4
101000,P115,1
103624,P109,0
108847,P109,4
107143,P104,4
106881,P112,5
105790,P106,5
107996,P107,4
102772,P107,4
100036,P111,0
101973,P106,3
104385,P118,4
105352,P106,2
101836,P104,1
101764,P108,5
104327,P116,5
102311,P115,3
108219,P111,4
109207,P105,4
100358,P115,4
108693,P109,2
104158,P108,5
103613,P104,1
105867,P106,5
101869,P111,4
108987,P106,3
101677,P105,3
101613,P107,5
103495,P115,2
108036,P118,2
109615,P114,1
101565,P112,3
109297,P113,2
105403,P113,4
106936,P110,1
104678,P109,2
103605,P111,3
102229,P105,5
107158,P112,0
106524,P116,5
106408,P107,0
106193,P111,5
103607,P117,0
102815,P110,4
106018,P105,1
109470,P106,2
108572,P106,5
105212,P117,3
100243,P104,4
103757,P109,5
101009,P105,5
100286,P109,5
105194,P113,4
107113,P116,2
108046,P106,3
103462,P118,1
101777,P108,4
100362,P110,3
106441,P107,3
109904,P115,1
109261,P112,3
101584,P117,3
107066,P107,1
101437,P109,5
107453,P114,3
103945,P117,5
105203,P106,3
108990,P111,5
105152,P105,1
105106,P114,0
100772,P118,0
102209,P109,2
103482,P105,2
100854,P110,1
109530,P110,3
104362,P114,0
108917,P109,2
101486,P104,3
102074,P112,0
103655,P109,5
105378,P106,5
103729,P106,2
105386,P105,5
104050,P113,2
101362,P117,2
103144,P114,5
103745,P118,4
109911,P113,5
100034,P106,2
108219,P110,4
108284,P118,5
109808,P104,2
104025,P106,4
109242,P108,0
108348,P112,4
104020,P104,2
107136,P110,1
107432,P113,3
102912,P108,2
107320,P116,5
107340,P115,2
107262,P107,3
108060,P113,3
104804,P117,4
106892,P105,0
104030,P110,3
105911,P115,4
101640,P113,1
106949,P107,1
106094,P104,4
109568,P111,0
101435,P104,1
104428,P115,4
104577,P110,2
109193,P116,4
109580,P111,3
103445,P113,1
102453,P104,5
101595,P104,5
101000,P104,4
106915,P105,3
109583,P113,1
108184,P115,2
101483,P110,0
107656,P115,3
101911,P107,4
109474,P114,3
108964,P118,0
102930,P110,2
103440,P105,1
106842,P118,1
106478,P104,2
100233,P111,3
107103,P114,4
102482,P107,4
100508,P117,1
104738,P116,4
106315,P115,4
108422,P116,4
108883,P107,2
101290,P110,3
102291,P111,3
105972,P115,1
106449,P106,3
102236,P109,5
106766,P109,3
109935,P107,0
109921,P109,2
109506,P108,4
100948,P109,1
106651,P105,3
106329,P107,1
106926,P113,4
107205,P117,2
107416,P117,5
105275,P107,3
109709,P112,2
107107,P104,4
108043,P105,1
105500,P116,3
108614,P104,3
107707,P115,2
108286,P109,0
100754,P108,3
106083,P114,4
108456,P114,1
107784,P111,3
102563,P113,3
104926,P110,0
103031,P118,1
102037,P116,2
101691,P109,2
109345,P111,4
102354,P104,5
103869,P109,4
106489,P113,3
103042,P108,5
106153,P112,4
107281,P113,0
102233,P114,1
107086,P114,3
107111,P111,5
105561,P118,4
106940,P113,3
106710,P111,2
103927,P114,1
105218,P106,4
104712,P110,5
105967,P107,2
108354,P106,3
102450,P109,5
102039,P112,1
108775,P106,0
107023,P111,3
100345,P105,2
105406,P108,1
104804,P106,1
100347,P108,1
104585,P113,2
109543,P113,0
109884,P117,5
106206,P109,5
109388,P111,4
101835,P110,0
104184,P105,3
103118,P104,2
106908,P112,2
100993,P106,1
104492,P109,5
108928,P109,2
107306,P112,1
108327,P117,0
105111,P117,1
104209,P104,4
103812,P104,1
107971,P112,4
109175,P107,3
105004,P114,5
109338,P118,0
103217,P107,0
100027,P115,3
109151,P110,2
103734,P113,4
104963,P117,2
108171,P109,2
107319,P111,2
101118,P105,4
101178,P105,5
105210,P113,2
104743,P113,3
106136,P108,2
103021,P116,3
107834,P117,1
108226,P109,1
104090,P106,5
109908,P105,1
109936,P115,2
106783,P112,5
100196,P111,2
103366,P118,4
100494,P105,2
104402,P113,3
108883,P113,4
107218,P118,4
102261,P110,2
100026,P113,0
103131,P115,4
104204,P109,2
108958,P106,3
100612,P116,0
109368,P110,2
103474,P113,4
103545,P108,4
108052,P110,1
103869,P107,4
103811,P106,4
104648,P109,3
102810,P106,2
100882,P117,0
100566,P106,5
102159,P116,5
106095,P109,2
106318,P114,3
106470,P114,5
103843,P105,3
100533,P115,0
108790,P108,5
102362,P110,2
100516,P109,5
104086,P108,0
100600,P112,3
109958,P115,3
107533,P110,1
109191,P107,2
102041,P110,5
100200,P109,5
107356,P104,5
109911,P109,4
101311,P115,4
106554,P104,2
107336,P105,0
101410,P108,1
100612,P105,2
108420,P115,0
100552,P114,0
108399,P104,2
102297,P115,2
104898,P107,0
104474,P106,2
103033,P115,3
109655,P106,0
102898,P109,2
107904,P114,3
102570,P107,1
107823,P109,5
107916,P105,2
104359,P104,2
109740,P116,2
100026,P112,2
103227,P107,0
103526,P113,4
106183,P115,2
101772,P112,4
100100,P105,0
101806,P108,0
109057,P118,0
101126,P110,3
102669,P110,0
107242,P114,3
104795,P104,4
100871,P115,3
105413,P109,2
105158,P114,1
105651,P108,5
100360,P118,1
107183,P105,2
107390,P108,4
103409,P117,1
105371,P110,0
100680,P110,1
108246,P115,1
106390,P114,2
109242,P105,2
109369,P108,3
104323,P110,5
109785,P111,3
109110,P111,5
107585,P109,2
107419,P116,2
100060,P108,5
100312,P108,5
107958,P117,4
104979,P118,2
109792,P105,0
103669,P111,1
102064,P114,3
103062,P113,0
109723,P104,3
108848,P111,1
100405,P116,5
106876,P115,5
104582,P109,1
103689,P110,1
106256,P115,5
108418,P107,4
107733,P110,3
107983,P112,4
102691,P107,3
100988,P117,4
108436,P112,1
102321,P109,3
102207,P109,4
104000,P114,5
102344,P116,0
107895,P106,2
106706,P107,2
108073,P112,1
106797,P106,0
105153,P113,1
106396,P109,4
106010,P106,2
108339,P118,5
105637,P107,1
100153,P116,5
107391,P104,1
106234,P118,4
104713,P115,0
109745,P110,1
102411,P112,3
107011,P110,0
104995,P115,3
100460,P104,4
102516,P111,0
109262,P109,1
102524,P113,5
103380,P118,3
103286,P105,0
108471,P115,5
103742,P116,2
104429,P109,2
100013,P114,4
104645,P112,2
102656,P106,3
105539,P114,4
104068,P113,0
101683,P111,3
105043,P106,5
106044,P111,0
101631,P114,5
106486,P104,1
107137,P111,1
104545,P107,5
102371,P106,0
107052,P110,5
108689,P110,4
104524,P116,3
101662,P115,4
106822,P113,3
103684,P104,0
107518,P114,4
103162,P104,5
102799,P113,3
108395,P109,3
101421,P118,4
109109,P118,5
105917,P114,3
101836,P113,2
105457,P114,4
103706,P104,3
105783,P111,4
106689,P105,2
102889,P117,3
108595,P116,3
104554,P110,1
100274,P117,1
103285,P104,1
100113,P104,3
108120,P106,3
102725,P116,0
103684,P111,2
104101,P114,5
104887,P117,5
103484,P116,1
100525,P106,2
101497,P104,3
106906,P112,0
107465,P107,0
103434,P108,0
108476,P107,1
105447,P117,3
108189,P105,4
108658,P106,1
103497,P105,2
103980,P118,2
105738,P107,2
106731,P109,2
100379,P108,5
103326,P104,0
108923,P111,3
103686,P115,2
109688,P108,5
101257,P104,5
102471,P114,3
101607,P108,3
108851,P112,0
101146,P118,2
101734,P109,1
104901,P109,4
109968,P107,3
101676,P104,2
105869,P114,4
105553,P106,2
103587,P114,4
107514,P113,4
100222,P106,2
104388,P116,0
106346,P112,4
102819,P112,2
103775,P109,4
109194,P115,5
108754,P106,5
106683,P112,4
104450,P116,5
100290,P118,1
108814,P117,0
108235,P114,2
106162,P113,0
104252,P107,3
101694,P107,4
104266,P115,3
100103,P116,4
104501,P105,5
103414,P112,2
104383,P110,2
101148,P108,0
103266,P111,4
106784,P109,5
106969,P111,3
107880,P108,2
103600,P115,0
108039,P106,0
103496,P105,4
107783,P110,3
100556,P111,3
107308,P115,3
109482,P112,0
105886,P107,0
103003,P117,2
108000,P108,0
108953,P114,3
101525,P104,5
103637,P115,0
107167,P106,2
105901,P115,1
101984,P107,0
101749,P109,4
103346,P115,5
107406,P107,2
108253,P104,1
108811,P114,2
106189,P106,1
101409,P109,5
106216,P111,4
104062,P106,0
109983,P104,0
100188,P105,5
104248,P113,4
100240,P111,5
104189,P104,0
106097,P104,4
108830,P108,5
102110,P110,1
107349,P104,4
108337,P107,2
107676,P109,0
108843,P105,0
109102,P113,4
103013,P112,5
102295,P110,2
105972,P106,0
109661,P118,3
103564,P104,0
106883,P115,3
101014,P104,1
103619,P109,4
104967,P115,1
104533,P110,5
104569,P106,2
108320,P111,1
107062,P113,3
109234,P108,1
107831,P109,4
100964,P105,4
106670,P108,1
109044,P111,4
100001,P116,3
101761,P109,3
106666,P106,5
104615,P111,5
107636,P117,1
108640,P109,2
100285,P111,1
106124,P107,2
103219,P117,1
107795,P107,2
104234,P107,4
104344,P109,4
103316,P105,0
109654,P116,3
103949,P110,1
101759,P118,4
106234,P114,4
107579,P104,2
104321,P112,2
109922,P117,4
109594,P107,5
107927,P110,4
102426,P111,3
101056,P113,2
106453,P115,0
105462,P108,4
104966,P110,0
107898,P107,1
102509,P113,4
108742,P108,4
103158,P114,0
104555,P104,1
100569,P106,1
103284,P107,0
101897,P114,3
108027,P106,2
109580,P114,0
100830,P113,4
106035,P114,1
103357,P110,3
100710,P116,4
107692,P114,4
104505,P108,1
107569,P107,2
107386,P115,5
106852,P118,4
104116,P114,4
103044,P112,0
107253,P116,3
102346,P110,5
105238,P115,2
107104,P108,5
107683,P115,4
109585,P106,3
101276,P110,1
100329,P113,1
104029,P115,2
106321,P104,2
102149,P109,5
100190,P108,3
106175,P115,2
103280,P109,0
106101,P115,0
108065,P114,2
107027,P112,1
108030,P109,0
102903,P114,1
104493,P110,4
101131,P113,5
103851,P110,3
108211,P114,4
102726,P107,1
106767,P111,3
103382,P118,4
100155,P106,4
101762,P117,0
109830,P118,0
108191,P106,1
106314,P118,1
103013,P117,0
106799,P106,4
105983,P112,2
101900,P113,5
104837,P107,5
105640,P109,2
109112,P113,0
109187,P115,0
104068,P113,3
104678,P109,0
107471,P104,1
108348,P105,5
100120,P106,4
104911,P105,3
107096,P113,3
103634,P105,2
101939,P115,5
105895,P109,1
101096,P113,4
106632,P110,4
100174,P112,4
101536,P105,5
100087,P116,2
102720,P104,5
102551,P116,5
107653,P111,5
104932,P108,3
105492,P112,0
109443,P106,5
106001,P109,1
106338,P114,0
102895,P116,4
104888,P114,0
105481,P111,5
105334,P105,4
107859,P110,1
101619,P114,2
109400,P117,3
105893,P109,1
109089,P104,2
104953,P116,2
102737,P106,2
105358,P116,2
102022,P118,5
105960,P114,3
103798,P104,5
106589,P108,5
102712,P109,5
106265,P116,4
105528,P114,3
105879,P112,4
101730,P116,3
100963,P110,4
102417,P105,0
102841,P111,0
104946,P113,0
107876,P112,3
101423,P104,3
107820,P118,3
100775,P110,1
105671,P104,3
100435,P115,3
103698,P108,0
106630,P104,3
107111,P109,2
107976,P104,0
104812,P113,3
108202,P117,5
101547,P105,0
109806,P118,5
102020,P117,5
109260,P106,0
105793,P109,5
100357,P115,5
109775,P114,4
104736,P106,1
102460,P116,5
109157,P109,0
101832,P107,2
108735,P105,1
104856,P110,1
109035,P109,0
101049,P108,2
108747,P109,2
100375,P107,5
106624,P110,4
108757,P117,0
100866,P116,3
103585,P114,2
102108,P108,1
106244,P111,1
104494,P114,2
106560,P118,4
107701,P111,1
108488,P115,4
105183,P107,3
109800,P111,1
105594,P105,0
108045,P104,1
103693,P114,1
103235,P106,4
103336,P116,2
106885,P104,5
100280,P108,4
102589,P110,3
104813,P115,2
109471,P104,1
105625,P109,4
104479,P112,0
107446,P115,1
106518,P107,5
100200,P108,0
109516,P106,3
101342,P115,0
104855,P107,2
107243,P109,1
103951,P107,3
109361,P118,4
104380,P106,3
105243,P106,4
101484,P118,1
107866,P115,0
109193,P113,4
103193,P104,1
102616,P112,2
106867,P104,2
103954,P113,4
104119,P117,5
109953,P106,1
105801,P109,4
107340,P117,3
100616,P107,4
102853,P105,3
103449,P105,1
100354,P111,5
104737,P112,5
100734,P116,5
106702,P112,2
109965,P106,0
100334,P115,3
103630,P105,5
103354,P113,3
106306,P114,2
102675,P118,1
105915,P113,2
108638,P106,5
105728,P107,5
105386,P112,5
102968,P116,3
103291,P117,1
108602,P106,5
109337,P111,0
103326,P104,1
107957,P114,3
107848,P107,2
108812,P106,5
103173,P104,4
103688,P118,3
108132,P118,2
107664,P116,2
102730,P112,4
106511,P117,1
105808,P113,0
103635,P117,5
100131,P109,5
103997,P109,1
102050,P118,5
105061,P114,5
104404,P117,0
105705,P113,2
107171,P110,4
103769,P117,2
101469,P107,2
104757,P114,3
108943,P108,2
100794,P112,1
107499,P104,1
103845,P111,3
106737,P116,5
100859,P106,3
103593,P109,2
105433,P108,1
106963,P113,4
107358,P110,4
102157,P113,1
109964,P104,5
101780,P118,0
109279,P117,2
108471,P111,3
106591,P118,5
104839,P110,4
108578,P118,2
109931,P104,1
104146,P107,4
107694,P105,3
109924,P117,5
104008,P108,5
104832,P118,5
107531,P112,5
106347,P111,1
108944,P117,4
106937,P110,5
104242,P118,4
106932,P106,1
107747,P118,3
107074,P118,1
100726,P105,0
101007,P107,5
103532,P104,5
101585,P116,5
109994,P117,5
100081,P111,2
108804,P105,3
108043,P106,4
100171,P111,3
107272,P114,0
104927,P118,1
102211,P115,1
107473,P113,3
107783,P114,1
102197,P108,1
100946,P105,0
106784,P116,5
106608,P104,5
102474,P115,2
109132,P105,2
100259,P106,3
103970,P115,2
103225,P106,2
103240,P111,4
101833,P114,5
104937,P112,5
100845,P110,4
107649,P104,3
101904,P117,0
105408,P107,4
108118,P113,5
108568,P110,1
106047,P109,2
102792,P107,2
102535,P113,5
107428,P108,1
104889,P106,0
105923,P114,0
104384,P115,5
100616,P106,1
101739,P116,0
109133,P117,5
100130,P104,1
103173,P112,1
103509,P113,3
102147,P116,5
103070,P113,0
109846,P112,5
108321,P113,5
105687,P108,3
101852,P114,4
102185,P111,5
104729,P105,0
104289,P112,5
107538,P109,1
109119,P116,4
100274,P105,0
105774,P111,4
109481,P118,1
105509,P118,0
104528,P109,2
102337,P118,2
109598,P112,1
109799,P117,1
109146,P115,2
105322,P113,5
100575,P117,3
108802,P109,3
107245,P105,3
102781,P105,3
102516,P108,1
109095,P104,1
102538,P107,3
109557,P118,1
101408,P117,3
104157,P110,5
108355,P115,2
101947,P113,2
107301,P105,2
105281,P112,2
106586,P116,2
106242,P117,5
109387,P106,0
103795,P107,4
105486,P116,2
105861,P105,3
107892,P104,1
102384,P114,3
102392,P109,5
108409,P107,5
109526,P118,0
102551,P115,3
105840,P105,5
107822,P105,5
100507,P105,2
109975,P104,0
105856,P104,2
107426,P106,5
101023,P109,4
105855,P118,3
106652,P115,5
106397,P108,1
107457,P108,3
107357,P116,0
106396,P116,0
101844,P112,5
104698,P109,3
101186,P106,2
102050,P115,4
100363,P109,1
106320,P118,2
106095,P117,0
106643,P108,5
103959,P107,2
109229,P107,2
104955,P113,2
105871,P115,1
105931,P105,1
109014,P107,2
103241,P113,5
101615,P105,5
107987,P105,1
108405,P114,4
103440,P110,1
107032,P112,2
103385,P111,1
106742,P108,4
104884,P115,0
105477,P107,3
109049,P114,0
103742,P104,0
104335,P104,1
100884,P104,0
108776,P110,4
105413,P104,4
105086,P117,2
102517,P114,3
100867,P115,4
109394,P111,4
109267,P117,4
100489,P118,1
102209,P107,2
107343,P117,0
100793,P112,2
100840,P104,3
102224,P110,4
105731,P106,3
109769,P111,1
109419,P111,2
106429,P105,1
108029,P116,3
105750,P113,1
109504,P107,0
102327,P111,4
106392,P104,0
105870,P114,3
103892,P104,2
108764,P108,2
108918,P107,3
100992,P110,4
107551,P112,1
108866,P115,2
102419,P104,4
109979,P109,5
108849,P105,0
109414,P108,5
104725,P112,4
107704,P104,2
105473,P109,3
102238,P118,4
106163,P114,4
102667,P106,4
101617,P107,4
102872,P110,1
101754,P104,5
101912,P118,0
101111,P105,3
108509,P114,3
100443,P111,4
100165,P116,1
103223,P105,5
109730,P109,2
107874,P114,2
108214,P106,1
105772,P113,5
109472,P109,3
106037,P110,1
102373,P110,0
103628,P106,5
107818,P116,0
104468,P104,5
108890,P112,5
109091,P106,2
108982,P115,5
101826,P107,2
106234,P115,2
104202,P105,2
108977,P112,0
107223,P107,4
107548,P112,2
104991,P112,0
108946,P107,4
104362,P111,5
106356,P116,5
105200,P115,3
106018,P111,2
105428,P115,1
103795,P117,4
101330,P107,4
103253,P105,4
109451,P112,0
102201,P105,5
104873,P111,5
107391,P108,4
103911,P118,5
109551,P111,0
108516,P118,0
100186,P109,2
101454,P116,3
107102,P108,4
103310,P116,1
104892,P105,3
108211,P117,4
101454,P116,5
104780,P115,2
102149,P114,1
100975,P112,0
101506,P113,3
103832,P106,3
105154,P110,1
108162,P112,3
108497,P115,4
100499,P111,5
107372,P118,1
103873,P104,0
100005,P115,0
109982,P116,3
100472,P116,2
100372,P106,5
104399,P116,2
108537,P111,5
102854,P106,1
107585,P110,2
101426,P104,3
100485,P115,5
101185,P106,2
108849,P104,0
102928,P108,0
107160,P115,3
102656,P117,0
100529,P105,1
109099,P104,5
108848,P109,3
105810,P104,4
107443,P116,2
109131,P107,3
107824,P115,2
107278,P108,3
107961,P115,3
104749,P118,5
109392,P117,4
104387,P104,5
104532,P108,2
102572,P118,5
109873,P118,5
105474,P107,2
108014,P112,5
108537,P107,3
104288,P110,2
104556,P118,0
102347,P108,2
103199,P113,1
107957,P107,3
107756,P111,4
107386,P115,4
108281,P112,5
107867,P115,0
100829,P108,5
105227,P104,5
109404,P116,4
101697,P113,1
109640,P104,3
108866,P110,1
103870,P107,2
108097,P110,3
109721,P118,5
109735,P113,4
103400,P108,1
100387,P117,2
108742,P104,4
101087,P114,4
101427,P113,1
107781,P110,4
104968,P117,2
107426,P108,2
100464,P109,0
106447,P110,0
108785,P108,1
101565,P115,1
105351,P114,1
100309,P109,3
101828,P113,3
105848,P114,0
102272,P114,3
104057,P111,1
100718,P105,4
106848,P116,0
104272,P107,4
102273,P116,1
107258,P113,0
102271,P113,3
108234,P106,2
107649,P107,0
104610,P113,3
108438,P114,3
106150,P118,5
107835,P112,4
101434,P109,4
108644,P116,5
109801,P105,1
102735,P108,5
102722,P118,3
104254,P107,5
103439,P108,5
100927,P109,3
107626,P112,4
100991,P108,4
109572,P118,5
105933,P114,2
105216,P116,2
103516,P116,2
103589,P117,4
106159,P112,5
101319,P112,5
100489,P107,3
106750,P111,0
107746,P117,1
103962,P116,2
108421,P118,0
100322,P116,3
106580,P105,2
107790,P113,3
103976,P113,0
101188,P110,2
104171,P113,5
101604,P114,0
103251,P109,0
102983,P108,5
102516,P116,2
103736,P104,2
100472,P117,0
104559,P110,2
109624,P115,3
109090,P116,1
101855,P117,0
103505,P107,2
104269,P114,5
107620,P108,0
107294,P105,4
101114,P110,2
107135,P110,4
107123,P115,0
100462,P116,0
105019,P109,3
107816,P110,0
100302,P109,2
108961,P107,4
101118,P104,1
100494,P113,3
109995,P113,3
103359,P104,1
108814,P114,4
109417,P110,0
102460,P104,4
104166,P115,1
105249,P116,1
104617,P116,2
106934,P105,3
103590,P117,4
109563,P112,1
101113,P107,5
102662,P115,0
101938,P118,1
103338,P111,5
102356,P109,5
100128,P115,4
109521,P106,2
106937,P108,2
102225,P110,5
108378,P110,0
104728,P111,5
106680,P116,2
102039,P104,2
107886,P111,5
102951,P117,5
103878,P104,3
100804,P112,3
103102,P110,4
103385,P118,1
105094,P108,3
108908,P117,3
108390,P104,4
105522,P109,4
109578,P110,4
105810,P116,1
103896,P113,5
103707,P106,2
102028,P105,5
107198,P107,2
107797,P105,3
104205,P116,3
101590,P115,3
108956,P110,4
103420,P117,2
105184,P106,1
104355,P112,1
106526,P110,0
108927,P111,3
105424,P112,3
109847,P114,2
102714,P104,5
109661,P108,2
100500,P109,4
101436,P104,1
109228,P105,2
107836,P107,2
106404,P107,4
107102,P114,1
104786,P110,5
104039,P105,0
104415,P117,5
101231,P105,2
101695,P107,5
109844,P104,4
103924,P112,1
105675,P106,0
105967,P112,4
105411,P116,3
108682,P117,4
101244,P116,4
101032,P107,0
102968,P104,3
108499,P118,2
101489,P107,4
106086,P113,0
108781,P113,0
102681,P104,1
100640,P109,5
102356,P116,5
106783,P111,4
107338,P104,5
106455,P115,4
102720,P114,1
109986,P113,0
108902,P118,2
102900,P108,0
100187,P116,3
108377,P116,1
103103,P114,2
104087,P112,1
107321,P108,0
106423,P117,1
106368,P104,0
103679,P114,5
101966,P106,0
103938,P109,4
105165,P114,5
101997,P104,1
108948,P116,0
109817,P114,0
101314,P113,2
109037,P108,0
102072,P109,3
106872,P109,3
107626,P110,0
102575,P109,5
105015,P117,0
103405,P110,3
100891,P113,3
105153,P116,5
101783,P105,4
100317,P115,0
106599,P114,0
107171,P108,1
108272,P104,3
106992,P108,1
105577,P112,1
107848,P116,5
104135,P114,4
109397,P114,1
106114,P117,2
106013,P118,0
105062,P113,2
108524,P116,1
103096,P114,2
108440,P107,0
108346,P107,1
106766,P107,3
107564,P110,3
109382,P109,2
104953,P105,0
100805,P109,1
102172,P113,4
106488,P115,5
109161,P118,4
102432,P107,2
100030,P106,5
104503,P108,2
103836,P105,4
109724,P113,1
100252,P108,2
102647,P118,0
105680,P104,5
107749,P104,1
108429,P108,3
101039,P112,3
100572,P115,4
105030,P106,2
109864,P105,1
106764,P116,0
106686,P113,2
101390,P104,3
101035,P117,0
106872,P104,3
109323,P117,0
109665,P109,3
108384,P116,4
106247,P114,0
103618,P115,1
102263,P118,3
103056,P113,0
100003,P104,5
102956,P113,3
103654,P118,1
109252,P111,1
103720,P107,3
104251,P118,1
100869,P113,2
109745,P114,3
108143,P109,3
107727,P114,1
100523,P114,3
107553,P107,1
108386,P113,3
108120,P112,3
108488,P116,3
108414,P113,5
107067,P112,2
101568,P113,1
107416,P104,3
109023,P105,2
108335,P117,2
109252,P106,0
101644,P113,2
104587,P115,5
107662,P117,4
106825,P107,3
103102,P109,3
108479,P106,1
100580,P108,0
100174,P114,4
108513,P117,3
100770,P105,1
105030,P111,2
106631,P117,5
104057,P113,3
109686,P107,1
102400,P106,0
106468,P117,0
108409,P109,5
100427,P104,5
108955,P114,3
109351,P117,5
100777,P104,0
109506,P104,5
108137,P112,0
108404,P113,0
100926,P108,4
101056,P110,5
109191,P110,2
108183,P108,5
104181,P118,0
103337,P113,3
108164,P118,2
101054,P117,0
109432,P116,0
107111,P117,3
107892,P109,1
100210,P106,3
101307,P107,4
107843,P104,2
107310,P113,1
100192,P110,2
101415,P104,2
103030,P107,4
101730,P113,3
105130,P108,2
101661,P108,3
101562,P105,5
107334,P106,2
108772,P112,4
106547,P112,4
100216,P114,5
101163,P112,1
101684,P115,2
103211,P112,0
109913,P105,2
105122,P105,2
107631,P104,4
104727,P112,0
104029,P108,0
102808,P108,1
101224,P109,5
104347,P107,4
107581,P104,5
108607,P114,4
109413,P114,0
109089,P112,5
100184,P113,4
102575,P104,5
107782,P109,2
107714,P105,4
103661,P114,5
101259,P104,1
107871,P104,5
105214,P104,0
101719,P118,0
101438,P111,3
108967,P115,5
109171,P118,2
106083,P105,1
108850,P111,2
109147,P113,5
105789,P104,0
106207,P110,5
105437,P114,5
108572,P107,1
102217,P115,3
105334,P116,2
109481,P115,4
108012,P105,4
108484,P109,2
106742,P108,0
107767,P111,3
109232,P109,0
103304,P115,4
104089,P105,5
100683,P112,4
109458,P113,2
108945,P110,3
102995,P105,4
106878,P107,2
109652,P115,2
106113,P114,4
103042,P111,1
107699,P108,5
105121,P109,3
100066,P104,0
109283,P112,0
106109,P111,1
108161,P117,2
105897,P110,4
104776,P118,5
108037,P109,5
100097,P104,3
109237,P118,0
105374,P107,3
109195,P109,0
100053,P113,5
105976,P104,4
109970,P117,3
100508,P107,3
106685,P106,0
102796,P108,4
101431,P108,5
105843,P117,1
108705,P117,5
100216,P105,0
109761,P117,5
107825,P117,1
101890,P110,0
109429,P112,1
106656,P118,4
104668,P110,2
105668,P117,3
105875,P105,3
101134,P114,2
103579,P109,4
103374,P112,5
105605,P105,2
100245,P111,4
108200,P116,2
100670,P113,5
103628,P111,4
102252,P106,4
102201,P117,1
102919,P104,5
108682,P109,0
101892,P109,4
100066,P117,2
105773,P109,0
106593,P106,2
108158,P106,1
108076,P108,4
102210,P104,2
108028,P107,3
105516,P116,3
103604,P108,1
109111,P107,3
100490,P106,5
104880,P108,5
100974,P116,3
105661,P117,1
109626,P106,4
107846,P115,3
108368,P104,4
100127,P113,3
101921,P118,3
104397,P106,1
109768,P106,2
102809,P106,4
109860,P106,3
100515,P106,1
101510,P104,1
107330,P108,1
108664,P112,5
108910,P108,5
106584,P106,4
104330,P118,5
101673,P106,4
107549,P115,2
109939,P108,2
102273,P116,4
104846,P110,1
105005,P109,2
105132,P115,0
103821,P104,3
106627,P115,5
103402,P113,4
106653,P115,2
106260,P113,2
102865,P105,4
101033,P106,0
108890,P108,2
101280,P110,0
101129,P105,0
104481,P114,0
105420,P105,5
103750,P116,5
102557,P110,5
102300,P104,5
101395,P116,5
106887,P118,0
102408,P108,1
108496,P110,4
107927,P105,2
101140,P117,3
104293,P104,4
101441,P118,2
108229,P107,3
101507,P108,4
102138,P109,4
105376,P106,1
101170,P111,5
107184,P106,3
103439,P116,4
109477,P107,3
105748,P109,3
108240,P116,1
102704,P115,0
107050,P104,1
109200,P106,4
104010,P109,3
105081,P108,4
105182,P116,3
106575,P117,0
102275,P106,1
100052,P105,0
103483,P117,4
106330,P111,3
105986,P110,1
105203,P109,2
109873,P118,2
101878,P112,2
109930,P112,0
101207,P117,0
108631,P111,5
107068,P115,2
104574,P109,3
101628,P116,3
100139,P114,5
106443,P116,1
109934,P110,2
104593,P116,5
109327,P108,5
107514,P118,3
100622,P116,3
109846,P108,0
102982,P105,1
104980,P114,2
100942,P106,0
109405,P118,2
104887,P112,5
107344,P110,1
100158,P110,1
101932,P111,3
103753,P110,0
103432,P111,1
106095,P118,5
102569,P115,1
105997,P107,5
103478,P104,1
102136,P108,4
101446,P108,4
108554,P112,4
104628,P107,1
106007,P108,2
101511,P116,0
101720,P105,1
104791,P117,5
106275,P104,1
104350,P113,5
101489,P105,2
102679,P117,1
101353,P111,0
103503,P104,5
101310,P117,5
102930,P117,0
103165,P107,0
106988,P107,3
103910,P106,2
100652,P112,0
108974,P105,0
109189,P117,0
107458,P105,1
108811,P109,5
102784,P116,5
104750,P107,4
104294,P105,1
102916,P106,5
107008,P109,3
109671,P113,1
102695,P105,5
105567,P115,1
105890,P118,3
102424,P117,3
108541,P113,1
103241,P107,3
107257,P108,0
109501,P110,0
106880,P110,0
107129,P112,0
105060,P118,4
104430,P110,4
103770,P117,2
103464,P104,1
103445,P106,0
106254,P118,5
109519,P118,4
104061,P116,2
100771,P118,5
108108,P106,1
107218,P107,5
109124,P111,3
108036,P112,1
105240,P117,1
105319,P117,5
108345,P104,1
103693,P116,2
109743,P104,5
100398,P108,3
105821,P110,1
103802,P118,4
100628,P107,0
106930,P109,2
105858,P105,3
105444,P116,2
103058,P115,2
102416,P105,0
109731,P118,1
106780,P110,4
105472,P107,2
105221,P110,5
105670,P117,5
107073,P114,1
100320,P108,1
105322,P111,1
101577,P116,3
104231,P111,1
101991,P111,5
106722,P107,3
100500,P113,0
105018,P104,0
102446,P115,4
105977,P114,0
109624,P106,1
109792,P105,3
108380,P107,4
103854,P111,0
107139,P110,0
102224,P106,4
109600,P107,1
105930,P118,5
106973,P112,3
104214,P116,0
103143,P113,5
100875,P106,5
101447,P113,0
103901,P110,3
104230,P104,0
103620,P110,5
101796,P114,0
104635,P107,4
103417,P106,2
106593,P114,3
109232,P106,3
101024,P109,2
104447,P115,4
104086,P117,3
105038,P118,1
103620,P104,2
106512,P117,4
102930,P110,4
103985,P115,3
103704,P107,5
100299,P106,3
100236,P109,5
108703,P117,0
108795,P118,5
105085,P118,3
108017,P114,2
101086,P111,1
107784,P107,5
107755,P108,1
107645,P105,2
107217,P105,1
101547,P112,5
102640,P116,3
107585,P106,0
109310,P105,4
108740,P111,1
101769,P113,5
103469,P111,1
103495,P112,4
106785,P111,0
106860,P110,4
108471,P109,4
105575,P111,2
109702,P112,5
107496,P113,4
102256,P111,1
104568,P116,4
107181,P104,1
104513,P108,1
108193,P108,4
104758,P118,1
109839,P107,0
100072,P115,3
106669,P113,5
104159,P113,1
106036,P109,5
103831,P109,2
109020,P112,3
108835,P112,4
106979,P108,5
107389,P106,3
108796,P105,5
101630,P107,0
109085,P117,5
109621,P106,1
104606,P111,5
101724,P109,2
107075,P116,5
104830,P115,0
106181,P108,2
101590,P112,5
108538,P107,3
102601,P109,5
107009,P105,2
107227,P117,3
101255,P114,2
104190,P106,0
109352,P117,0
101748,P116,1
101201,P118,0
104165,P111,5
104110,P108,0
102473,P116,5
105644,P115,3
104855,P106,3
105456,P105,4
106428,P110,4
100858,P118,4
108231,P113,0
101661,P116,2
106916,P105,3
107286,P105,3
103531,P115,1
105739,P109,0
101607,P113,4
103744,P112,0
108260,P106,0
104588,P108,0
108037,P106,2
107094,P104,0
104429,P113,0
101968,P104,3
105370,P116,5
103947,P117,3
104831,P114,1
107386,P104,5
102411,P106,3
109661,P118,2
104086,P117,2
101055,P107,2
101279,P104,1
104175,P111,0
102134,P104,2
108625,P107,2
103813,P114,2
107906,P111,2
105449,P106,1
101402,P114,5
106274,P115,3
104277,P114,1
102113,P110,4
106198,P106,5
106688,P106,1
106368,P110,5
109864,P110,3
106004,P114,3
101789,P113,1
103499,P109,5
100979,P110,0
108449,P104,1
106807,P115,2
107930,P105,3
108729,P114,4
104542,P104,3
109819,P117,1
109113,P109,0
103599,P107,4
105371,P109,4
104508,P118,1
101297,P114,1
106442,P108,1
102310,P112,2
106828,P118,1
106709,P118,0
106961,P109,2
103448,P114,0
104536,P118,2
105791,P110,2
107925,P110,5
102649,P105,4
105270,P108,4
101683,P116,0
108881,P109,1
107829,P114,4
101726,P117,3
102162,P105,1
100712,P116,4
100842,P108,3
106024,P115,4
109364,P105,5
105256,P108,3
105766,P109,0
105259,P105,3
108612,P116,0
106481,P110,0
104206,P107,2
108732,P113,5
105757,P118,0
103490,P114,1
102677,P111,3
106607,P108,0
102058,P117,0
109388,P105,0
101879,P113,3
106955,P109,0
107693,P110,5
108971,P118,1
106968,P107,2
104074,P104,4
109773,P107,3
107094,P118,3
101022,P109,5
104440,P115,1
100460,P117,5
105513,P113,4
104589,P116,1
109983,P112,2
107518,P104,2
103248,P109,5
107645,P114,2
107916,P104,4
100319,P109,1
104681,P115,3
101070,P111,5
108605,P118,1
101811,P113,2
109894,P113,3
102917,P112,2
103739,P108,2
100232,P109,3
107809,P113,3
104126,P112,4
103495,P111,4
104482,P107,0
100234,P111,2
100589,P106,3
103759,P110,5
102030,P112,2
102814,P110,1
109325,P106,4
104002,P108,4
103787,P117,0
105711,P118,4
108091,P112,5
105891,P114,5
107336,P109,4
107283,P104,2
107857,P117,5
102686,P105,3
103342,P113,1
102805,P118,5
108467,P112,1
102028,P115,1
109485,P109,5
106777,P114,2
109301,P105,2
108080,P116,5
109814,P111,2
107257,P104,0
100874,P113,0
109882,P111,3
102892,P113,2
102691,P118,3
101629,P116,4
109798,P114,4
105637,P104,0
104548,P105,0
104354,P104,5
100032,P109,2
105217,P109,4
100451,P117,1
103714,P105,2
104632,P109,5
109180,P117,0
106373,P118,1
100498,P107,1
104420,P114,1
103428,P111,2
102121,P116,3
109820,P104,5
103244,P112,5
103931,P104,4
105804,P115,3
104800,P117,3
107581,P115,0
100374,P106,2
104020,P114,1
102506,P105,5
108002,P111,4
100248,P113,0
108435,P117,5
108399,P106,0
109423,P106,2
101447,P112,3
104130,P111,1
101828,P106,3
103632,P111,2
101324,P106,4
107985,P117,2
107574,P111,3
103564,P116,1
103532,P105,4
107503,P114,1
101864,P116,4
105349,P112,5
101779,P104,0
104758,P118,3
104415,P111,2
108248,P107,5
106539,P112,1
106216,P110,5
106254,P112,1
104698,P110,1
107544,P118,2
109497,P117,0
105699,P113,0
101278,P111,1
102857,P114,5
101543,P106,3
103163,P109,0
108188,P111,1
109291,P113,2
107665,P117,1
100654,P113,4
107303,P108,5
107073,P107,1
105620,P117,0
107283,P106,1
108666,P114,0
102614,P116,0
101722,P108,2
100998,P106,5
107448,P117,4
106530,P112,3
101717,P114,5
106838,P114,2
101995,P109,3
105618,P111,1
102348,P114,4
107107,P106,1
104699,P116,4
105825,P112,5
100338,P111,4
108384,P117,1
105496,P106,2
103294,P118,5
105594,P105,2
101151,P105,0
106469,P110,3
104169,P116,5
108330,P107,5
108145,P115,2
103970,P104,0
102129,P113,5
108363,P112,1
103315,P108,1
100864,P112,1
106101,P111,5
100760,P118,3
103748,P105,3
105362,P104,5
108115,P108,5
109068,P104,0
102960,P106,4
106401,P115,4
101737,P118,4
101665,P116,1
108529,P114,2
105163,P118,2
102910,P104,0
103287,P107,0
100304,P115,1
102383,P116,0
104430,P108,4
103142,P105,2
108279,P113,3
108906,P110,0
102744,P112,5
106789,P113,0
109102,P104,4
106807,P104,1
109869,P110,0
102383,P116,0
103395,P117,5
102984,P116,3
104631,P108,4
108740,P104,2
103666,P104,1
109067,P109,1
101784,P115,0
105526,P109,2
107605,P108,0
106567,P105,5
108063,P107,4
107258,P105,2
100500,P114,3
102171,P108,2
106019,P115,5
101507,P118,5
105384,P105,5
101730,P113,5
103670,P109,5
108281,P118,5
106223,P106,4
102017,P109,2
108855,P118,4
105565,P113,4
101593,P104,2
107997,P115,0
108024,P117,4
101037,P107,1
101518,P111,0
106552,P107,4
106271,P106,2
104655,P115,4
107851,P108,0
104708,P104,5
109835,P106,5
100974,P105,3
103265,P106,4
102057,P104,2
102222,P106,4
103982,P114,1
101863,P104,5
103486,P118,0
108166,P106,5
100918,P111,2
103711,P107,4
100635,P109,2
105315,P116,4
101598,P105,0
101422,P113,0
106143,P107,4
105401,P109,3
109640,P108,0
101344,P106,2
100961,P112,4
106141,P106,3
106248,P118,1
100699,P115,4
108021,P106,1
103893,P115,1
106430,P113,3
100232,P108,5
100107,P113,3
103932,P115,4
108240,P105,4
103974,P108,4
101966,P116,1
107027,P111,0
107568,P117,2
108042,P108,5
104732,P105,1
106461,P111,2
103017,P117,5
108139,P107,1
107462,P115,1
106990,P105,1
106261,P113,1
101494,P114,5
108813,P107,2
109725,P113,4
106771,P107,3
101790,P118,1
105959,P112,0
106831,P106,4
103019,P118,2
102412,P104,0
107801,P104,2
105235,P118,4
107621,P118,2
108006,P115,3
109851,P112,4
102954,P116,4
104267,P116,2
109655,P111,5
106148,P117,3
109042,P114,5
104290,P109,4
101530,P116,3
103835,P109,0
108211,P109,0
100826,P118,0
108626,P112,0
102833,P114,5
107436,P111,1
101050,P109,0
106984,P115,3
105973,P106,5
103761,P117,0
108189,P117,4
106827,P106,0
108008,P109,0
101358,P117,3
101639,P107,1
100886,P118,4
103115,P117,5
108800,P110,1
106612,P117,3
105554,P111,1
104642,P116,2
107954,P111,3
107524,P107,4
100737,P117,5
104937,P113,2
105410,P110,0
104565,P114,2
107892,P117,5
108338,P114,0
105946,P115,2
103933,P114,0
109262,P116,4
103257,P116,2
105563,P117,2
103540,P116,2
100960,P104,4
108706,P105,0
104614,P118,4
101015,P109,0
102119,P111,1
106274,P117,0
101888,P116,3
106230,P114,2
107265,P118,4
106852,P113,3
100507,P106,0
104757,P117,0
104554,P110,0
108612,P109,1
103523,P107,0
104562,P108,2
107116,P107,1
107496,P105,4
106086,P107,3
109715,P108,2
107054,P110,4
108320,P110,2
105121,P113,0
101369,P107,4
103517,P118,5
109973,P117,4
100398,P104,5
107803,P111,2
105535,P106,4
108441,P105,2
104615,P106,0
104613,P118,4
103083,P114,0
104171,P113,5
104182,P112,3
106720,P115,5
103599,P114,3
101180,P112,4
109990,P115,3
109463,P111,4
104340,P108,0
107666,P112,1
106654,P107,1
100901,P106,1
104629,P109,4
109975,P104,4
107415,P110,0
109456,P112,1
101069,P108,4
108400,P109,5
101146,P115,0
101420,P116,5
104408,P106,4
105029,P118,5
103936,P107,4
109935,P111,4
107316,P106,1
104251,P112,0
102111,P117,1
105655,P116,0
104623,P105,1
100257,P116,0
100781,P110,4
109598,P115,5
103659,P108,1
105291,P110,0
101320,P117,5
101825,P109,3
104086,P105,3
106233,P107,4
100034,P108,5
108385,P112,5
101401,P118,1
103835,P106,2
106989,P116,5
101255,P106,2
101906,P118,5
103197,P109,4
105126,P104,0
104832,P105,3
103163,P112,3
103613,P109,4
109441,P110,3
102118,P118,3
104832,P117,5
101634,P118,2
100556,P108,2
101800,P107,2
103531,P113,1
109406,P118,2
106628,P114,2
107624,P113,4
108744,P117,0
105763,P114,5
104633,P114,0
107659,P106,3
103801,P109,5
107927,P115,3
107366,P104,4
100089,P105,3
106384,P104,0
108394,P107,4
101041,P111,0
105082,P118,5
107137,P109,3
104669,P113,4
100345,P118,3
103347,P111,5
102602,P111,4
104593,P106,4
108578,P112,1
102872,P117,4
101141,P104,5
103770,P106,3
102729,P108,1
103502,P111,5
100385,P113,1
101395,P110,3
108723,P112,0
103853,P113,4
103186,P116,1
106396,P111,2
102117,P112,5
105415,P111,3
104167,P113,3
103856,P118,1
101643,P117,2
104098,P111,2
102763,P104,5
107974,P106,5
103382,P114,2
106919,P112,0
100969,P104,3
108431,P107,1
100851,P112,0
103079,P117,4
104898,P116,3
109862,P111,5
106736,P105,5
102902,P105,1
107801,P109,5
102793,P105,1
103415,P110,3
103435,P113,5
103631,P118,5
108005,P114,0
100619,P107,3
108358,P104,0
106265,P116,2
107914,P116,2
107630,P109,5
107394,P116,0
106538,P117,5
108874,P108,3
105826,P108,2
108875,P110,5
109427,P104,5
105019,P106,3
107605,P111,3
103690,P115,3
105770,P106,4
104871,P115,1
108287,P118,4
103111,P107,4
102396,P109,0
105944,P107,4
102617,P116,2
107885,P109,4
103243,P116,2
104775,P115,3
102569,P118,1
107869,P116,3
100544,P108,0
104659,P104,2
108919,P118,1
109603,P110,0
104475,P105,4
105919,P106,1
104324,P108,1
109342,P118,0
100572,P109,5
102387,P109,3
103800,P104,4
109485,P117,1
105932,P117,3
108833,P106,0
100440,P105,2
108451,P116,1
103816,P114,5
106833,P107,4
107222,P105,0
104510,P112,2
102069,P114,3
105014,P111,2
102908,P105,3
101571,P107,3
101091,P104,1
100491,P110,5
107473,P117,3
100278,P112,2
109369,P107,4
106903,P113,1
109083,P104,3
107057,P107,2
102540,P115,4
104471,P108,5
103333,P118,2
103750,P104,5
106426,P117,5
108252,P118,5
107505,P117,2
106081,P112,2
108138,P108,1
104322,P109,5
106389,P109,3
101510,P113,3
105549,P110,4
104955,P116,5
109016,P107,5
108604,P114,5
102060,P109,0
103997,P114,0
108109,P106,0
101742,P113,0
103081,P113,0
101039,P108,1
107320,P118,4
106953,P116,1
109375,P107,2
106456,P118,2
107911,P110,1
105081,P112,1
101913,P104,5
102341,P106,1
109412,P106,4
108051,P106,5
107102,P110,5
100509,P104,5
104396,P111,0
104158,P107,0
108050,P116,4
102663,P118,0
108848,P112,1
108545,P105,4
103011,P112,2
108741,P109,5
103010,P115,4
102858,P111,5
109316,P106,4
106720,P108,1
104804,P106,1
107388,P112,4
105947,P105,4
108898,P113,2
101723,P106,3
106985,P107,2
101219,P112,5
104361,P108,0
109194,P113,1
103906,P108,1
102201,P115,0
107248,P118,2
100640,P111,1
109686,P107,3
105450,P116,1
103137,P110,0
108514,P108,3
100294,P115,4
108933,P115,5
107966,P105,3
109790,P118,1
101090,P114,4
106063,P116,5
105344,P107,4
100760,P117,4
108627,P107,4
108229,P114,2
104747,P112,0
103370,P109,2
107863,P112,2
103434,P115,3
109656,P115,5
100308,P118,5
109543,P111,3
108900,P113,1
105117,P110,2
106334,P112,4
104797,P117,3
103991,P111,0
104489,P108,2
105434,P116,3
107763,P118,5
105695,P117,0
106454,P117,3
103130,P109,0
105207,P115,5
107823,P112,0
107601,P115,3
100431,P116,2
107928,P106,0
109191,P112,4
105688,P118,2
102376,P107,3
103145,P107,5
100513,P110,5
106186,P118,0
109833,P104,5
109666,P113,0
101615,P114,1
100480,P116,1
100253,P118,5
104652,P108,2
100689,P106,0
102688,P114,4
103227,P108,5
109632,P114,2
103601,P118,2
103829,P109,4
100278,P112,4
101307,P109,0
103690,P115,3
100331,P114,1
100655,P110,5
106668,P106,4
105704,P113,5
105494,P112,5
104726,P112,0
107188,P106,2
103827,P107,2
107705,P106,0
106019,P109,5
105244,P118,1
105864,P110,3
105070,P118,0
102202,P106,4
107744,P111,3
100002,P111,4
104064,P117,4
108196,P107,5
108801,P117,1
102586,P106,5
106130,P115,3
107343,P112,3
101126,P107,5
109500,P117,2
107348,P113,2
104993,P105,3
100431,P113,1
109554,P115,4
108016,P104,0
107863,P109,1
103527,P107,1
100312,P114,3
108312,P111,0
101506,P106,2
104668,P110,0
105193,P112,3
106989,P118,2
102319,P118,1
104822,P111,2
106499,P112,0
104130,P114,0
100959,P105,2
105222,P116,3
101273,P113,5
103802,P114,4
100712,P112,1
103250,P105,2
103465,P118,2
106929,P111,2
106036,P113,5
108308,P115,1
101549,P111,3
106430,P113,4
102163,P108,3
102556,P107,4
107633,P105,4
108068,P118,0
101278,P107,1
103008,P115,1
105023,P118,1
109636,P116,0
102932,P109,2
105927,P111,0
109785,P113,4
107989,P114,4
103678,P108,4
109668,P112,3
101627,P117,4
103055,P106,5
104905,P104,0
105724,P118,2
102404,P108,5
108712,P110,5
107910,P104,5
100885,P118,0
103889,P118,0
109411,P108,0
100652,P112,3
109188,P117,2
102682,P110,3
109202,P111,2
106090,P108,2
104723,P111,3
108285,P107,0
109334,P105,0
104934,P107,3
101852,P108,4
101230,P110,3
109249,P104,3
103129,P107,5
108204,P113,1
107244,P110,5
107424,P111,1
107736,P106,3
106119,P108,3
101811,P114,0
106049,P113,3
104859,P115,0
103463,P106,1
100058,P118,1
109963,P105,3
106183,P109,1
100675,P105,2
102661,P105,1
101934,P118,2
108107,P104,2
102639,P108,1
109279,P109,5
107024,P108,5
106162,P104,1
107087,P106,5
109233,P107,2
101141,P108,0
102937,P109,5
107896,P115,2
108250,P109,1
101571,P107,4
104124,P112,1
103726,P108,0
106604,P108,1
108332,P112,1
103708,P111,2
101185,P107,3
109876,P116,4
109855,P117,3
104360,P106,4
108928,P107,4
106519,P112,0
108065,P108,1
108568,P113,1
100737,P117,1
108134,P106,3
102692,P113,4
107994,P118,5
109508,P108,3
103918,P104,1
103116,P104,1
110000,P109,4
103508,P116,4
105204,P104,0
107410,P108,0
103170,P116,0
103515,P112,2
106770,P109,0
104540,P116,4
101035,P114,5
100958,P117,3
100072,P110,1
107272,P106,2
108851,P117,1
106465,P107,0
100903,P106,3
104925,P109,0
104776,P109,0
109083,P107,2
100711,P111,2
109517,P110,1
103328,P105,5
101769,P109,2
109321,P109,4
101027,P118,3
109083,P114,1
104701,P111,2
100147,P107,0
105103,P112,1
100706,P114,0
104104,P105,2
100049,P104,1
101394,P111,3
108456,P115,5
100756,P109,1
109983,P115,3
103247,P114,0
109712,P113,2
108032,P116,0
107977,P112,3
103230,P110,0
106728,P117,5
101065,P117,1
102263,P110,0
104724,P107,5
107657,P111,2
101626,P110,2
101025,P109,3
103939,P111,4
109329,P115,0
103263,P111,3
106105,P104,3
104185,P113,0
108162,P116,3
100759,P109,5
101091,P109,3
103278,P106,3
105434,P107,1
100819,P108,2
108636,P118,0
107976,P118,4
101976,P113,1
101675,P110,0
101785,P111,4
102950,P107,4
107963,P108,1
106595,P118,5
108836,P104,0
103925,P107,2
107466,P108,1
107699,P109,2
108024,P107,0
104476,P111,1
109641,P105,5
104614,P104,1
105395,P106,1
108816,P106,2
104564,P113,3
108988,P116,1
109454,P113,0
102780,P118,1
109908,P113,3
105655,P111,5
103202,P104,4
106244,P118,4
108100,P112,5
103157,P117,5
103706,P116,2
102279,P112,2
104359,P109,4
100231,P105,2
103978,P118,2
107726,P104,1
102382,P116,1
109032,P110,2
106795,P112,5
104903,P108,4
105858,P106,1
109358,P112,3
104921,P106,0
106959,P107,0
105130,P116,1
106798,P117,4
109481,P105,4
101885,P116,3
105942,P116,3
109993,P105,3
104339,P117,2
105450,P107,0
104328,P105,0
106751,P117,1
108518,P115,3
106965,P106,5
108857,P105,4
106852,P113,1
108109,P106,1
109986,P105,5
108357,P106,1
102839,P118,2
104000,P114,2
101185,P116,2
109193,P108,4
106404,P107,3
101623,P111,4
105215,P117,2
107180,P118,2
107054,P106,3
105055,P117,0
105746,P112,5
105016,P108,1
105674,P110,4
107363,P117,4
109175,P116,4
108412,P110,0
108612,P115,1
100823,P112,5
100968,P104,1
101894,P104,5
102413,P115,5
107256,P105,2
109386,P116,2
106369,P112,2
101632,P107,3
104156,P106,1
108753,P111,0
101034,P112,4
109438,P117,3
104907,P112,2
109541,P108,0
106579,P113,4
108853,P117,3
108178,P108,5
101728,P115,3
106192,P105,0
105936,P116,0
103501,P108,4
107505,P109,0
108778,P104,1
102968,P112,5
104919,P109,3
102894,P114,0
103426,P106,1
106799,P113,2
106134,P108,2
108284,P107,0
100548,P117,4
102956,P106,3
109407,P106,3
105213,P112,4
106315,P106,0
103993,P116,3
104075,P118,5
106346,P111,1
103540,P108,4
106084,P117,3
101399,P107,4
109826,P113,3
108395,P108,4
104518,P115,0
106987,P107,2
103490,P111,0
107193,P115,4
107660,P112,3
105021,P115,4
106354,P105,2
100923,P117,5
102821,P114,2
102015,P114,2
108046,P116,3
103890,P116,3
101353,P104,4
101241,P116,2
103654,P106,1
104833,P118,0
105885,P109,4
106223,P113,3
103091,P117,4
108121,P114,1
107925,P117,1
101000,P114,0
107160,P117,4
102853,P111,5
101553,P118,1
101565,P108,0
104092,P114,2
100315,P104,5
107632,P114,3
103521,P111,4
103547,P109,0
109701,P109,1
100931,P117,3
102031,P108,3
102828,P111,3
102042,P105,5
100340,P110,0
106752,P114,1
101306,P113,0
107110,P116,1
101079,P111,5
104202,P108,5
101422,P118,0
104352,P111,1
104403,P113,0
106069,P117,5
105163,P106,4
105402,P116,0
108610,P108,2
107368,P111,1
106723,P109,2
104959,P107,2
102593,P109,0
105014,P113,4
104805,P113,2
105648,P109,3
109043,P113,1
101670,P115,5
106544,P116,3
105776,P107,3
103875,P118,5
107582,P115,5
100625,P109,4
107990,P112,3
108353,P116,0
106053,P108,3
100512,P110,3
109206,P110,3
108565,P117,4
101864,P106,5
102426,P110,2
108048,P117,0
104850,P114,5
107561,P112,1
105865,P113,4
102308,P118,4
105874,P117,0
102119,P106,2
108082,P113,2
108750,P115,3
107036,P106,1
101795,P108,1
108131,P111,4
109426,P108,4
107461,P107,3
100755,P105,5
107825,P113,1
105934,P112,4
100664,P113,5
102025,P116,5
101810,P107,2
101386,P114,2
106182,P115,1
108371,P105,3
104389,P114,1
100790,P112,5
105271,P108,0
105756,P104,0
108063,P107,3
103340,P116,1
107174,P112,0
105966,P104,2
104186,P115,5
102539,P114,3
107970,P115,2
100551,P104,4
100957,P111,0
106063,P110,0
105476,P110,3
105389,P115,5
107353,P116,1
105798,P111,0
102165,P114,4
105013,P107,5
105592,P114,3
106260,P104,5
105929,P104,5
101865,P109,1
107960,P117,4
107982,P116,0
102136,P107,2
105961,P110,3
101379,P117,2
107335,P117,5
102681,P117,4
107266,P106,1
103773,P106,5
101240,P108,2
103092,P105,0
102677,P112,3
106796,P104,3
106929,P106,3
106439,P112,5
109912,P111,1
109780,P109,4
100156,P116,5
103326,P110,5
108046,P118,2
100638,P114,5
102587,P106,0
103402,P115,4
104486,P104,5
100465,P106,5
104800,P112,2
105891,P114,3
103926,P118,1
107182,P105,5
107965,P116,3
101357,P104,5
105491,P115,0
107314,P106,3
100007,P111,1
100700,P107,0
103115,P114,1
107769,P106,5
102055,P117,0
104472,P114,5
109618,P104,2
103694,P115,5
109788,P115,5
101353,P111,5
100029,P106,2
101572,P118,0
107958,P104,4
102898,P116,1
104940,P115,1
104635,P113,0
101922,P116,4
100866,P113,0
102443,P114,2
102535,P108,3
102672,P111,1
106977,P104,2
103929,P106,2
105498,P115,0
109849,P117,2
105458,P116,4
104536,P115,5
102757,P111,5
102399,P105,3
105540,P117,5
100618,P114,1
107271,P104,2
101737,P107,0
106106,P116,4
105994,P114,2
102754,P112,2
102292,P108,2
101659,P110,4
106118,P112,2
103247,P104,3
103213,P115,0
105958,P108,0
106935,P116,2
103522,P105,0
103430,P116,2
103869,P107,2
103108,P115,1
100515,P114,2
104969,P115,4
106793,P118,0
104411,P104,3
102073,P104,4
102758,P109,0
108263,P113,4
101940,P117,2
101210,P109,2
103423,P117,2
103326,P105,0
108000,P118,4
102556,P106,1
107702,P116,5
100935,P111,0
108220,P114,1
102163,P106,1
104381,P104,1
102309,P118,1
103104,P117,0
105321,P118,5
109602,P112,1
103740,P112,5
101246,P104,4
104873,P113,1
108261,P107,0
104149,P114,3
108329,P109,5
105304,P111,1
104437,P108,2
109995,P104,4
101203,P114,5
104118,P104,2
108402,P112,2
106943,P105,2
109044,P118,1
108829,P108,5
103454,P118,2
103006,P115,3
109353,P114,0
103977,P114,1
102979,P105,4
105288,P106,5
105188,P118,5
104125,P114,4
104291,P117,0
105718,P114,5
101005,P108,4
102745,P118,1
102126,P109,5
104843,P108,4
107624,P107,4
109008,P117,2
108073,P117,0
105879,P104,3
105052,P109,3
104817,P114,2
100543,P112,2
108442,P118,5
107613,P114,4
102680,P116,4
102941,P110,3
104437,P112,5
108779,P115,3
107305,P108,4
102094,P114,3
101680,P110,4
102526,P111,1
106304,P116,5
102451,P105,0
107431,P114,2
107722,P115,5
104463,P104,5
107231,P113,3
104896,P108,3
102790,P112,4
104459,P117,3
106560,P118,0
104045,P113,4
104205,P104,3
105588,P104,4
104482,P109,5
102674,P114,4
104461,P110,5
108650,P106,0
102100,P104,3
100120,P112,4
101792,P104,4
103057,P111,5
105518,P110,2
107217,P111,5
106471,P117,2
102998,P108,5
109206,P111,2
100128,P110,5
101053,P116,2
101173,P109,0
103656,P111,3
106083,P108,4
108399,P111,4
105200,P112,5
102456,P104,3
106044,P104,2
104102,P113,0
108592,P109,0
109535,P104,2
107981,P104,1
109218,P108,2
106888,P111,0
105412,P105,5
104331,P109,5
100479,P118,3
103005,P108,1
102819,P118,1
109697,P115,2
109718,P108,0
105432,P108,0
108819,P115,0
108094,P105,0
106015,P110,2
101449,P105,3
101281,P110,0
101382,P117,3
105580,P115,3
108890,P117,1
105689,P107,2
104621,P107,3
108184,P118,3
108408,P105,1
102913,P113,2
104296,P113,0
104461,P109,1
108921,P115,4
100159,P111,2
108292,P104,5
107725,P116,1
105286,P116,1
104899,P106,5
109941,P112,3
102201,P110,1
100825,P114,1
101097,P113,5
108333,P104,4
103394,P111,2
102143,P108,2
100669,P112,4
102608,P115,2
103182,P113,1
103998,P115,4
109551,P105,3
102993,P110,1
105585,P111,4
101703,P115,2
103714,P107,3
104554,P112,1
105990,P112,2
108305,P111,4
104235,P118,4
108785,P114,1
105860,P108,3
104653,P108,0
109722,P106,1
101264,P106,3
105679,P109,2
106528,P105,1
105577,P115,5
108155,P108,0
106890,P116,0
109970,P109,5
105941,P104,2
103140,P111,4
109931,P104,5
102048,P118,2
106908,P107,2
104017,P117,2
106658,P104,2
103661,P111,3
109888,P112,5
102258,P107,1
101314,P115,4
105535,P105,2
106452,P107,3
102991,P114,3
103566,P117,4
105609,P114,1
109892,P114,4
102790,P111,1
101125,P118,2
106808,P111,2
106501,P107,1
102865,P110,2
105220,P108,3
101985,P109,1
109508,P115,5
108841,P107,3
107949,P113,3
106682,P117,0
108177,P116,1
102201,P117,4
108449,P113,5
107825,P109,2
100515,P110,5
100931,P109,2
101413,P114,3
107542,P106,1
109536,P105,3
103599,P107,4
107952,P110,4
105906,P115,5
105085,P104,5
107844,P108,1
102248,P104,2
108492,P114,1
107202,P110,1
105480,P112,5
104228,P112,3
107040,P108,3
105875,P114,0
103649,P112,0
104148,P105,0
104471,P108,3
104584,P113,4
109235,P118,5
106835,P113,5
108053,P110,4
109535,P113,0
107352,P109,1
108716,P116,3
104504,P104,4
106822,P106,4
100327,P115,3
105464,P107,0
100917,P116,5
104605,P113,5
105956,P115,1
109610,P115,0
109011,P109,4
109092,P111,4
104785,P118,0
106243,P116,1
100812,P110,5
100145,P114,5
108790,P118,5
100155,P112,0
102091,P106,4
108912,P104,1
101575,P106,2
108868,P107,0
105638,P111,1
102216,P110,3
109341,P110,3
103449,P109,2
108335,P108,0
102777,P114,3
108605,P104,4
109104,P108,4
104768,P108,4
106381,P117,2
100780,P118,0
106938,P112,4
107556,P114,4
109320,P118,1
105629,P108,3
103971,P110,5
105357,P109,2
103082,P116,0
105499,P107,4
107802,P110,0
109108,P110,2
106739,P108,1
107282,P117,3
109318,P109,1
104129,P114,5
100134,P111,5
107216,P114,3
105947,P115,5
103009,P111,5
104382,P113,3
109931,P105,4
107342,P111,5
108690,P118,0
107430,P106,1
109469,P105,1
109777,P110,3
109255,P118,1
106682,P118,2
100319,P107,5
101392,P111,5
109708,P115,3
109416,P114,1
100839,P118,0
106674,P113,3
105682,P106,0
109465,P116,3
104279,P118,2
106480,P118,5
105964,P118,1
101682,P107,5
105675,P112,5
108774,P110,4
103303,P104,4
107998,P110,3
108565,P118,1
101762,P110,1
104963,P117,5
106726,P116,3
109929,P105,4
102650,P113,3
106809,P112,4
103913,P116,2
101242,P118,2
104282,P108,4
108074,P115,2
108918,P113,5
103898,P114,1
102948,P118,0
109835,P109,3
108277,P115,5
108485,P114,4
106873,P111,0
102310,P105,3
109009,P106,0
101079,P109,3
107562,P112,4
108332,P112,2
101240,P116,5
107473,P118,1
103945,P114,2
100688,P104,3
102311,P106,3
104834,P117,0
101720,P107,5
100736,P104,4
105408,P104,5
106785,P116,4
101104,P111,3
106849,P109,3
105608,P105,2
105986,P104,5
102179,P108,0
109186,P111,4
106215,P115,1
101954,P105,1
108551,P106,4
102063,P108,5
100736,P113,2
108872,P107,4
101188,P108,1
103191,P107,3
105387,P107,3
106242,P109,3
102420,P104,5
106828,P114,4
102827,P104,2
104411,P104,5
101321,P105,2
100163,P114,0
101885,P112,0
102666,P106,3
103213,P114,2
106960,P106,3
109123,P108,4
103060,P104,5
109515,P115,1
108690,P106,1
100412,P115,0
108783,P105,0
104629,P108,3
108662,P117,4
103972,P118,0
101035,P106,4
109818,P113,0
103293,P107,2
104265,P117,0
104667,P107,5
106958,P116,3
103274,P114,5
104331,P109,2
100658,P105,2
108079,P112,1
103884,P118,1
103988,P104,5
105419,P114,4
104750,P104,0
106486,P114,5
109718,P107,1
109778,P115,5
101450,P117,4
109144,P106,2
106674,P107,0
106656,P115,0
101931,P110,4
103529,P117,1
108055,P105,2
100480,P107,5
109622,P113,0
100153,P113,2
101728,P108,2
100228,P105,4
103916,P107,1
102134,P106,0
105922,P108,0
105928,P107,5
107996,P113,4
105302,P107,2
103937,P117,1
105672,P107,1
103803,P106,2
100456,P116,2
103667,P105,3
109476,P113,4
106883,P113,3
106628,P112,0
107155,P104,2
106328,P118,3
101814,P106,0
104278,P106,3
109315,P113,3
109940,P114,5
109933,P108,0
101889,P104,3
105662,P116,0
100872,P111,0
108246,P104,1
107895,P105,0
107369,P104,4
104193,P109,1
100776,P107,0
105320,P104,5
105782,P115,4
103103,P112,5
106529,P116,3
107867,P110,2
105534,P116,4
101566,P116,0
103747,P104,5
100095,P108,5
107039,P105,3
107044,P116,4
107476,P110,3
105860,P105,2
104632,P115,5
101552,P104,2
106312,P110,0
105921,P116,5
104793,P104,4
106470,P112,5
107683,P105,2
100047,P106,0
108402,P116,4
102949,P108,5
107585,P104,5
105157,P109,2
102493,P114,1
100794,P105,1
102422,P117,0
104350,P105,2
103576,P116,1
109495,P104,4
107997,P114,4
104048,P113,3
103126,P108,3
106807,P113,5
103128,P105,1
106362,P104,0
106953,P113,3
108716,P108,2
106577,P107,2
106003,P116,5
107065,P108,4
104947,P111,1
104105,P104,5
107274,P104,0
100250,P113,3
108256,P113,0
101461,P116,2
106465,P118,1
106420,P113,5
102432,P111,1
104334,P110,3
101896,P106,1
100285,P110,2
100865,P109,0
101414,P111,5
106606,P108,0
105404,P105,5
108901,P104,3
104516,P111,3
109888,P116,2
106869,P109,0
102345,P110,2
105637,P117,2
109734,P115,5
103281,P116,5
100928,P106,1
103367,P118,0
106819,P110,5
101918,P104,5
107848,P115,1
104848,P106,5
106974,P112,5
107055,P111,5
108887,P115,5
100537,P108,0
105644,P106,1
102633,P115,2
109772,P109,4
101243,P115,4
102163,P112,5
106110,P113,5
101264,P104,3
103255,P118,0
105164,P118,1
105436,P106,1
103687,P115,4
106616,P110,1
103997,P118,3
109039,P117,1
106976,P114,2
103367,P115,1
102936,P110,0
105158,P114,2
100533,P110,2
105753,P107,2
100505,P112,0
103512,P117,3
107703,P118,3
103348,P118,2
105134,P110,5
101568,P117,4
107847,P104,1
109499,P118,2
105913,P116,1
109589,P104,4
102703,P107,3
103025,P111,2
101630,P104,4
102712,P105,1
100672,P108,4
105532,P118,0
106182,P111,5
107161,P110,2
104174,P112,0
104226,P108,5
101787,P115,1
100813,P116,5
105532,P115,0
100770,P114,0
108159,P118,5
109613,P108,0
103753,P104,4
106455,P106,5
106800,P109,1
101197,P107,0
103879,P109,5
103952,P116,4
100524,P109,2
107737,P111,1
100027,P108,3
106404,P115,0
108980,P106,5
104548,P114,1
106263,P118,5
101434,P104,0
109947,P105,4
108098,P111,0
102370,P117,5
103349,P118,0
104678,P112,2
104168,P118,2
108132,P114,0
107849,P116,2
108674,P107,4
108639,P106,1
107877,P118,4
107895,P114,0
101731,P108,0
109364,P115,3
109457,P113,4
103640,P117,2
108975,P113,0
104907,P115,2
108999,P112,2
109852,P105,0
102608,P108,5
103796,P109,0
104259,P104,1
100402,P107,2
102682,P106,2
103334,P105,4
108208,P106,3
108031,P116,5
106056,P110,2
108805,P109,4
105912,P104,1
107724,P113,0
103135,P117,3
109359,P115,2
103525,P111,1
106574,P116,5
101763,P105,4
105791,P113,3
101682,P106,3
106598,P117,1
104651,P116,1
101941,P107,1
105604,P112,0
108191,P109,2
107610,P116,4
108548,P116,1
105257,P107,5
103997,P109,0
102338,P106,2
104566,P115,5
105166,P105,4
105084,P110,0
101559,P112,4
109210,P118,4
103273,P117,0
103968,P115,5
101824,P104,2
106442,P116,0
108388,P108,0
106048,P107,0
100065,P113,3
101547,P111,2
104005,P104,4
100200,P112,0
103360,P115,0
106043,P114,3
107111,P105,0
108399,P115,0
101921,P118,4
106992,P109,4
101039,P108,2
102035,P114,2
105859,P113,0
103512,P115,2
108195,P114,1
101242,P109,5
102619,P111,2
106038,P115,4
100128,P113,2
109947,P116,0
102929,P106,2
107603,P113,5
104343,P116,4
109276,P104,2
106801,P115,3
109883,P114,4
101722,P106,1
105686,P117,1
109129,P107,3
100218,P117,0
105470,P108,1
102871,P108,4
103498,P108,4
109515,P104,0
109429,P106,2
105078,P110,3
109423,P115,3
104752,P111,2
109372,P107,5
109955,P106,2
100380,P105,3
105919,P118,2
109194,P113,1
108000,P111,3
105614,P115,2
101017,P116,2
100478,P112,5
105279,P113,3
105212,P110,1
105718,P111,3
107931,P113,2
107659,P118,2
106875,P118,0
108519,P112,1
102924,P113,2
103823,P106,3
103394,P104,0
108927,P114,1
109728,P109,4
104257,P116,3
109494,P106,0
102975,P113,5
103473,P117,1
107715,P113,2
100844,P118,5
106999,P115,2
104899,P117,2
109871,P110,2
100594,P115,2
107953,P112,1
108594,P115,1
104483,P114,3
106000,P104,4
100260,P110,1
104941,P105,4
107808,P104,2
103282,P112,1
100177,P114,5
103444,P116,3
101251,P117,3
105800,P112,0
108303,P114,2
105793,P117,3
107733,P115,1
109836,P107,3
109556,P117,1
106351,P112,5
103633,P106,1
107734,P116,4
105216,P113,2
103666,P110,5
105980,P106,4
100486,P106,3
104085,P116,0
101814,P114,4
102767,P107,1
101318,P109,4
105417,P109,0
103881,P117,4
107552,P109,1
102670,P115,0
108177,P114,1
106816,P109,0
108708,P112,5
104035,P115,3
100231,P106,4
103165,P116,2
102391,P107,1
100510,P111,2
106333,P104,5
101210,P105,2
104527,P105,1
100785,P106,2
101646,P105,4
105274,P106,4
104662,P112,1
106940,P112,5
105402,P111,5
101511,P117,0
103881,P117,0
100304,P117,0
104010,P114,3
106711,P107,3
102582,P116,5
103127,P111,5
108407,P107,5
103757,P116,2
106684,P108,3
104949,P112,0
102087,P114,4
104224,P115,1
109181,P106,5
105404,P105,1
102222,P116,1
106808,P112,5
107377,P116,5
101332,P117,5
102026,P112,4
109502,P118,5
102173,P106,1
103946,P108,0
100443,P114,2
102899,P115,5
103108,P110,2
102768,P116,4
108185,P112,0
109307,P106,0
107647,P107,1
104308,P105,5
108585,P112,1
100636,P113,2
107019,P115,5
104767,P116,1
104052,P107,5
108020,P112,5
102289,P113,1
107879,P107,3
104647,P110,1
104147,P117,2
109867,P117,0
102666,P113,2
105319,P115,1
104742,P112,1
102873,P106,4
109084,P109,5
105145,P112,2
101679,P112,1
105640,P113,0
106097,P113,3
104803,P104,5
101139,P104,3
108278,P115,3
101705,P109,0
107701,P105,2
101220,P111,1
104218,P118,2
107438,P113,4
109734,P106,3
106991,P104,0
108772,P105,5
100750,P111,0
103463,P108,2
104097,P106,4
105489,P117,3
101168,P106,0
104390,P105,2
101123,P111,4
106149,P114,2
104867,P110,0
104039,P116,4
109517,P113,1
104146,P114,3
108439,P117,0
102951,P107,5
107143,P106,5
100117,P106,4
109132,P117,1
108061,P110,5
102218,P118,4
108919,P116,4
100659,P116,2
100158,P114,3
100180,P113,1
107661,P112,1
104041,P115,1
102590,P110,0
109125,P109,1
106495,P113,0
102928,P106,0
109637,P105,0
101413,P114,1
108964,P106,4
101867,P104,2
108024,P105,4
106242,P111,1
101329,P105,5
107984,P113,0
103583,P115,4
102912,P108,3
107702,P112,3
105887,P111,5
105590,P117,1
105816,P104,3
101665,P108,3
100947,P108,4
107369,P107,0
100752,P111,5
107619,P112,3
104134,P109,3
103929,P106,1
100905,P107,3
107181,P118,5
102546,P116,3
100563,P110,3
103519,P112,0
109781,P112,3
102961,P104,2
105085,P112,2
103993,P105,3
100753,P104,1
100384,P115,1
103685,P106,3
100965,P112,4
105497,P114,2
100145,P111,5
100780,P109,0
100514,P116,2
104624,P109,0
102579,P115,2
100239,P115,0
105308,P110,3
108834,P107,1
100853,P110,4
105952,P110,0
105154,P104,2
103268,P115,1
109616,P115,3
109203,P107,1
108213,P111,5
103193,P112,4
100728,P118,4
108108,P107,1
106581,P108,5
103780,P106,5
102151,P110,4
109694,P109,5
103496,P117,5
105103,P114,5
104930,P112,5
106476,P107,0
102573,P104,1
103485,P116,0
103756,P117,5
106293,P108,0
108544,P114,3
100233,P106,3
108330,P104,5
103106,P105,3
100889,P104,4
103634,P114,3
103786,P107,1
108848,P107,4
108568,P111,5
102745,P109,2
104340,P112,4
101028,P104,2
101883,P105,0
107947,P109,1
109624,P110,2
104890,P110,1
100659,P108,3
100461,P118,1
102010,P116,2
102713,P105,2
109210,P113,3
102999,P114,1
108016,P114,2
104120,P112,0
108483,P118,5
101579,P116,3
100586,P107,1
102534,P115,2
102245,P106,1
103627,P105,4
106877,P104,2
108538,P106,0
102321,P107,5
106413,P118,3
105970,P115,1
106761,P117,4
106222,P115,3
100297,P117,0
109420,P105,2
100057,P105,5
100762,P111,4
107332,P107,4
102609,P107,0
108467,P109,0
107881,P112,3
107093,P115,4
108177,P108,1
101805,P117,1
108776,P109,1
107871,P106,1
101745,P112,3
103380,P117,3
105326,P105,5
101501,P118,5
102515,P118,1
105237,P115,1
105370,P105,2
109698,P110,2
102235,P115,3
102873,P113,4
107326,P109,5
100240,P112,4
108085,P110,2
100047,P107,0
107890,P114,4
103962,P115,5
104688,P109,3
106095,P106,2
104188,P108,1
107016,P109,5
103851,P105,0
102433,P106,3
105893,P111,1
101541,P110,0
102461,P118,2
101354,P113,2
105897,P112,2
104042,P110,1
108655,P116,3
103494,P107,0
102621,P106,3
107322,P117,3
104225,P113,4
100507,P105,1
106249,P116,3
107274,P107,4
107530,P114,2
106498,P114,5
108459,P113,5
104280,P105,1
104167,P107,3
102975,P114,5
102700,P117,5
100103,P111,3
100425,P105,4
102994,P115,3
101729,P109,5
109253,P106,2
105440,P113,3
104563,P112,0
101819,P110,5
100132,P110,3
100611,P105,1
105279,P111,0
103828,P116,1
105129,P110,0
108686,P116,2
101877,P115,2
109159,P110,5
108467,P108,1
101594,P112,2
106184,P108,5
109800,P118,4
102158,P113,1
100401,P112,4
103662,P117,3
103976,P118,2
108380,P113,5
100897,P112,4
104391,P108,2
103053,P108,0
108017,P115,3
103237,P114,5
106193,P110,3
102208,P118,2
100893,P105,4
100046,P107,4
103541,P104,2
105514,P115,2
108464,P112,4
109817,P107,0
101424,P117,1
104371,P112,3
105753,P109,4
100607,P115,3
107106,P104,0
100554,P108,1
106266,P110,4
104817,P106,3
101563,P104,4
101581,P111,2
105446,P111,1
106413,P116,5
106241,P115,3
105827,P105,1
101289,P104,0
108151,P117,0
100939,P107,1
100088,P105,3
107092,P108,3
107509,P113,3
101533,P114,0
105881,P112,3
105174,P117,4
100800,P113,0
109742,P106,0
100874,P104,4
105671,P108,3
102207,P105,5
104312,P118,0
102998,P106,2
101333,P116,0
108626,P117,0
106744,P116,3
103014,P111,2
104878,P111,1
101498,P117,1
100875,P111,0
102665,P109,0
103532,P112,1
105335,P117,0
107728,P115,3
106623,P110,1
109823,P112,0
107996,P108,4
104429,P104,0
103948,P107,3
105202,P104,2
107964,P112,3
104372,P117,3
101430,P111,0
105078,P115,3
103712,P107,1
106862,P112,0
108553,P115,5
101224,P116,4
109195,P104,5
101483,P111,4
102597,P104,1
109559,P117,0
108198,P113,4
102602,P111,1
104241,P113,0
100942,P118,1
108467,P112,3
103367,P113,5
105971,P118,2
106733,P107,2
103848,P106,3
108647,P117,5
100710,P108,5
100360,P111,3
100099,P107,0
101137,P108,5
103424,P118,5
106423,P118,0
101727,P115,2
100651,P112,5
105712,P115,3
105860,P106,3
107654,P113,5
107596,P113,1
109369,P110,0
105784,P111,4
103486,P115,0
100596,P108,4
108735,P107,3
104844,P118,4
105989,P116,5
100594,P105,1
103367,P111,5
108193,P116,4
104144,P108,2
105449,P104,0
107640,P104,2
103762,P115,2
105854,P105,0
103390,P104,3
101166,P112,4
107757,P111,2
104548,P111,5
106844,P114,4
109411,P110,3
100280,P110,0
108163,P105,2
100799,P104,4
107275,P112,1
107058,P107,5
102231,P111,1
107181,P111,5
107250,P115,5
100786,P104,0
105064,P112,1
109577,P118,1
107820,P113,2
105271,P110,1
108540,P114,0
100322,P111,4
105022,P106,2
101199,P110,5
104536,P110,0
105373,P104,2
101862,P111,1
107691,P109,3
103359,P115,2
106992,P113,1
100014,P108,0
102981,P105,5
100503,P106,2
106551,P108,3
107518,P107,1
102458,P116,1
108685,P116,2
100445,P112,2
107779,P117,3
106176,P107,0
103547,P113,3
104495,P106,2
108067,P108,1
105155,P115,5
103027,P111,1
100196,P104,1
103248,P110,4
104468,P105,3
108822,P116,5
109798,P117,4
100607,P113,3
101388,P112,4
106587,P109,0
107678,P109,5
108396,P104,5
102640,P108,5
105775,P110,1
108747,P106,3
108300,P110,1
107297,P104,4
107356,P111,4
106190,P114,2
101554,P112,4
103595,P117,0
100176,P117,2
108296,P110,2
108128,P108,4
103973,P109,1
104764,P113,2
103865,P111,0
108001,P108,2
104707,P117,1
105781,P111,1
104775,P111,4
101238,P104,2
106027,P106,4
106167,P114,0
105762,P111,3
100227,P111,1
102270,P117,1
101565,P116,2
108599,P112,3
105767,P110,1
102215,P111,1
103047,P107,5
103894,P108,2
108085,P104,4
103153,P116,4
101727,P106,5
108400,P110,3
100989,P104,5
108098,P106,5
105845,P118,3
102883,P109,4
108734,P112,5
101446,P111,2
101666,P116,5
108353,P118,4
100421,P105,1
101206,P115,5
103950,P110,0
102292,P117,5
106967,P113,3
106742,P112,4
108627,P114,3
100801,P109,3
100007,P118,2
108129,P105,1
103182,P108,5
106173,P114,3
102145,P108,0
106891,P117,0
105429,P113,4
109968,P111,2
107950,P106,4
107542,P117,2
105291,P112,3
107916,P118,3
105964,P107,0
104267,P117,2
100759,P106,5
104399,P105,0
107867,P114,0
103125,P108,5
108546,P110,2
101265,P108,4
106939,P117,4
109041,P113,5
107455,P118,3
108177,P107,1
102313,P108,0
100268,P109,1
102907,P107,0
107309,P114,0
106046,P111,4
103270,P106,0
101577,P109,1
104646,P108,5
101398,P104,5
105177,P105,1
102685,P106,1
103901,P110,2
105677,P117,3
106744,P114,4
104443,P111,3
109136,P107,4
100867,P104,0
104943,P106,2
100676,P112,2
109472,P111,4
106600,P112,3
109514,P116,1
105195,P105,4
106187,P114,4
105682,P104,0
107989,P117,4
100886,P108,2
102166,P116,0
109403,P107,2
107547,P105,3
108317,P117,4
104301,P116,1
109780,P114,3
103007,P106,2
102518,P118,3
108198,P111,2
109970,P114,1
107221,P108,1
105545,P108,1
100305,P105,5
106030,P105,0
105731,P113,4
107781,P118,1
102832,P115,1
105752,P114,1
105481,P113,1
102519,P110,5
108258,P110,0
106475,P104,3
109323,P105,3
103622,P111,0
103326,P115,0
107737,P113,4
101908,P110,2
103890,P116,1
101096,P104,0
105610,P113,2
106381,P113,5
106823,P107,2
105175,P117,0
100850,P110,2
108220,P113,3
100137,P108,4
101278,P113,5
102366,P110,3
103691,P109,0
103624,P113,1
100054,P107,4
108917,P110,5
104282,P114,2
105294,P115,4
102580,P109,4
105231,P108,3
104661,P111,2
109264,P104,4
104521,P118,3
108723,P111,0
103434,P116,4
105332,P115,2
105608,P106,0
105827,P116,5
106279,P111,2
100422,P107,1
108222,P110,3
100343,P109,2
108473,P111,3
100808,P106,5
101303,P116,3
102830,P106,0
104428,P116,4
100184,P106,0
101627,P105,2
101784,P107,0
103413,P110,2
106979,P115,1
100885,P114,3
107325,P117,5
107925,P109,5
105412,P112,3
107248,P112,0
109425,P117,2
109571,P117,1
103661,P113,2
108118,P111,2
102720,P112,1
105760,P107,2
100169,P104,0
107252,P107,2
108430,P107,2
101980,P114,3
103531,P113,2
109255,P112,2
102318,P117,0
108913,P115,4
101805,P112,0
108941,P106,3
109495,P106,2
106109,P117,3
101032,P107,4
103924,P106,2
105250,P104,4
103812,P105,5
103277,P107,1
105209,P113,3
102989,P113,1
109962,P113,0
109618,P115,2
105733,P113,0
102976,P118,1
103044,P114,4
108370,P112,1
103631,P111,5
101815,P115,0
100098,P110,4
102490,P115,4
109902,P107,1
107459,P112,3
101486,P113,5
101134,P118,2
100375,P104,1
107778,P114,3
106803,P104,1
105823,P117,4
104209,P104,4
103376,P113,2
104261,P106,2
105181,P117,2
109018,P115,5
102888,P104,4
105321,P113,5
105644,P114,3
109366,P105,2
103004,P111,2
109293,P113,1
102093,P111,4
103413,P110,0
103883,P113,2
105202,P104,3
103455,P106,3
100545,P112,2
100885,P115,1
109147,P112,5
101314,P107,1
101914,P105,4
105217,P111,4
108118,P107,5
101244,P108,4
100882,P109,0
100958,P117,5
108825,P115,2
109120,P107,4
106445,P115,4
108883,P106,5
102390,P118,1
106515,P111,3
102297,P113,4
102433,P117,0
107128,P114,5
102936,P116,2
104105,P117,0
108220,P115,4
106428,P114,2
105204,P115,5
108142,P112,5
100724,P108,3
104005,P106,0
105273,P111,4
106315,P112,1
108981,P112,0
103671,P118,2
106719,P108,0
108069,P112,2
105964,P114,4
106587,P108,0
105344,P109,2
100135,P116,4
101627,P118,4
103923,P116,4
103180,P107,0
109149,P114,3
105836,P105,3
105031,P108,4
106682,P107,1
106360,P113,3
100711,P110,4
109182,P108,5
108265,P104,4
103365,P108,4
100089,P115,3
100762,P112,4
101045,P105,5
104813,P108,0
100984,P114,0
108263,P114,2
101488,P117,0
105068,P111,3
102504,P110,3
103180,P116,5
108183,P108,4
102326,P117,4
101104,P118,5
104092,P116,1
107392,P118,4
108231,P108,2
108774,P106,2
103536,P108,4
108064,P111,4
105470,P105,1
106005,P118,1
100086,P111,4
100937,P115,2
101618,P115,3
109676,P105,5
100803,P116,0
109405,P111,1
107437,P114,4
106831,P118,3
109300,P105,4
106141,P105,5
104592,P116,0
105875,P113,5
107819,P109,3
107788,P118,4
104454,P113,4
106579,P118,3
108525,P104,2
101453,P107,0
103939,P109,5
109466,P106,1
107810,P114,1
103239,P110,4
108388,P107,4
108377,P104,4
104186,P110,1
105220,P114,5
103661,P111,5
103432,P106,4
103167,P117,1
109410,P118,1
105950,P112,0
109839,P107,2
107501,P112,2
104208,P117,2
109225,P114,5
109923,P105,3
105074,P104,1
103148,P114,5
108993,P110,2
108996,P116,3
104019,P115,0
109981,P114,5
105189,P111,0
100325,P116,3
107080,P116,2
106984,P115,5
108186,P111,2
106179,P112,4
108095,P114,0
107561,P110,3
102438,P109,4
108695,P107,3
107175,P108,3
101898,P104,0
104940,P110,1
107360,P118,3
104624,P115,5
105167,P108,3
107933,P118,2
109693,P112,5
107686,P108,5
101553,P106,1
108809,P118,1
108044,P110,5
101389,P113,4
105320,P109,5
102057,P118,2
109684,P118,2
102013,P117,2
104273,P117,3
105498,P105,1
108059,P115,2
106203,P112,0
102790,P111,2
103708,P107,3
101493,P104,2
100139,P116,0
107212,P111,0
100329,P109,1
109385,P109,4
100065,P118,2
105032,P116,4
102714,P110,1
108312,P107,4
109005,P118,0
100566,P109,1
102661,P107,3
108004,P109,4
103833,P105,4
104028,P113,0
101868,P110,3
108754,P110,2
105155,P114,2
109039,P109,5
105293,P113,0
106272,P116,1
107084,P109,1
109855,P107,0
103684,P112,0
106224,P108,0
107665,P105,1
108744,P117,5
106251,P115,3
100908,P115,3
100501,P115,2
101617,P114,5
103499,P108,1
101044,P105,4
100392,P105,2
102374,P113,3
105819,P113,2
103924,P107,1
103097,P108,5
103390,P110,3
105927,P110,4
108686,P106,4
100083,P105,4
109526,P105,0
108490,P118,3
104307,P106,0
109516,P104,2
101417,P109,0
106902,P105,4
105371,P116,0
104647,P109,4
100782,P117,1
101365,P111,4
108568,P117,0
106724,P109,3
101028,P117,2
108407,P115,3
104105,P118,4
107321,P111,0
104101,P104,1
108770,P105,0
109197,P113,5
101924,P117,3
109277,P111,0
100246,P117,1
103247,P116,0
100158,P108,1
107812,P116,3
105884,P116,4
105692,P118,3
103963,P110,0
105705,P117,4
105516,P104,0
106884,P109,2
101450,P115,1
105663,P105,1
103983,P108,5
100310,P104,2
106549,P110,2
109197,P116,4
107477,P107,5
104121,P106,3
101050,P106,2
109520,P106,3
102221,P110,5
107370,P113,2
107791,P118,2
104009,P118,2
103872,P114,5
103155,P106,3
108722,P107,3
104273,P117,4
108991,P106,0
105998,P111,0
107307,P106,4
103312,P118,5
100871,P118,2
107944,P104,1
103013,P109,0
100722,P114,3
104442,P107,4
102532,P104,5
103116,P104,2
104814,P108,0
102772,P113,5
102042,P111,3
101958,P112,3
102514,P110,2
102158,P118,5
106995,P114,0
104009,P111,3
100387,P117,4
103986,P112,2
109622,P116,4
103180,P118,3
105660,P105,5
102439,P111,4
104635,P106,1
104564,P107,4
104625,P109,1
108815,P104,5
100105,P116,4
109249,P118,5
107208,P108,4
102116,P105,5
108620,P110,5
104112,P104,5
102954,P112,4
104097,P110,1
102864,P108,1
105855,P108,1
105106,P118,0
103836,P118,2
108714,P107,0
108315,P112,0
101943,P106,1
106209,P115,5
106696,P116,4
105434,P112,4
101055,P106,4
106708,P117,3
103325,P104,2
104920,P116,2
105636,P110,5
105260,P118,0
102346,P114,2
108347,P108,3
105765,P107,1
109291,P104,3
105231,P107,1
100506,P118,1
100951,P113,4
101370,P107,5
101107,P118,4
106401,P111,0
104269,P108,5
106805,P115,3
102736,P112,3
106173,P115,3
100704,P118,3
103422,P118,4
108662,P106,4
106007,P107,5
109736,P106,5
109455,P113,0
103919,P115,4
109543,P107,0
103063,P110,5
106580,P113,4
102880,P104,4
109397,P118,2
106133,P108,4
105785,P110,3
103790,P115,3
102097,P113,2
104091,P109,2
106451,P106,4
104624,P112,5
107221,P115,3
108052,P113,4
100299,P111,3
109284,P118,2
102941,P118,0
106398,P111,3
102149,P118,3
107697,P110,0
101636,P112,1
106543,P109,0
104883,P118,5
107226,P116,1
109982,P110,0
105900,P112,5
101491,P118,3
109884,P105,2
108419,P115,4
101077,P118,4
106740,P110,4
100108,P112,5
102104,P107,0
102671,P105,4
102603,P113,1
105084,P116,0
108285,P106,3
101770,P112,5
107553,P111,1
100064,P116,0
103817,P118,2
109241,P105,4
108512,P118,1
107613,P112,1
104281,P106,3
105147,P106,2
108071,P112,5
107039,P113,4
105582,P106,4
106817,P107,5
107187,P114,4
100736,P112,3
103877,P115,5
100598,P110,4
109723,P106,2
107215,P114,5
102870,P116,5
100727,P113,2
102795,P108,3
101636,P104,5
102304,P104,4
109300,P114,2
100973,P116,3
103805,P118,0
102152,P107,2
104214,P105,5
105134,P107,4
101512,P115,5
105625,P116,3
104673,P105,3
102408,P107,2
104638,P118,5
104180,P108,1
108361,P109,1
103057,P113,4
102655,P104,0
105397,P116,4
105556,P108,1
108481,P107,5
100145,P116,2
108095,P113,4
101733,P111,3
107097,P114,5
108303,P115,0
102168,P104,2
101429,P107,5
102611,P111,0
106323,P105,4
108907,P106,4
108920,P109,3
100219,P108,0
101960,P110,5
101607,P112,3
109943,P106,0
102557,P114,1
105415,P112,3
100602,P114,1
103511,P113,1
102261,P108,0
106213,P118,5
100615,P115,0
109770,P109,2
106417,P117,2
101065,P114,0
101324,P107,4
108512,P105,1
108064,P113,4
107433,P109,2
102478,P111,2
101717,P113,0
102954,P114,1
104672,P114,5
109678,P114,0
106378,P113,1
105648,P109,3
107711,P118,0
102810,P108,4
108555,P106,4
107287,P118,1
102196,P108,4
102726,P113,4
100751,P113,2
100645,P118,3
105228,P118,2
108441,P111,1
106537,P110,3
108795,P108,1
103345,P114,5
101585,P107,1
108947,P104,1
101696,P111,0
108490,P118,5
107291,P115,2
105409,P111,1
102378,P112,5
102913,P111,1
100224,P110,3
108949,P118,1
107371,P112,3
105230,P115,4
106097,P106,0
104639,P110,4
109048,P108,5
105737,P110,0
107882,P107,1
101669,P117,5
108024,P108,0
103009,P116,2
103498,P116,5
106383,P115,4
105832,P104,1
108464,P114,4
109681,P105,4
101435,P111,0
109794,P105,3
102178,P114,1
100271,P114,2
105278,P109,0
107343,P107,4
109713,P115,4
101687,P112,5
106536,P110,0
103313,P111,2
107800,P104,4
108293,P114,2
104822,P112,3
106853,P109,2
105142,P110,0
102178,P111,0
109925,P117,0
107945,P105,3
109460,P111,0
107584,P104,0
105547,P109,2
103886,P109,4
106351,P114,2
109705,P104,5
104104,P104,2
106656,P104,5
107165,P106,1
105736,P108,1
102771,P118,2
101488,P112,3
105792,P104,2
102615,P104,0
102139,P114,0
108573,P116,5
108544,P116,3
108437,P114,0
102205,P104,1
100943,P110,0
103769,P105,1
102147,P112,4
103312,P111,2
104007,P113,2
107347,P114,3
107959,P114,1
102552,P111,0
100065,P105,4
106401,P114,3
106924,P105,0
102451,P109,2
106203,P117,2
104020,P116,4
109696,P110,0
108623,P108,4
104242,P104,4
101261,P108,4
108937,P111,5
101435,P117,0
102619,P107,1
105711,P109,2
105637,P115,0
105815,P115,2
105271,P112,0
100139,P108,2
103065,P111,0
106471,P116,0
101090,P105,0
106106,P113,0
107192,P106,2
101901,P104,3
103516,P110,1
103516,P107,2
104763,P110,3
101761,P113,4
101887,P106,0
101015,P118,2
107696,P110,4
100896,P104,4
106023,P107,2
104556,P106,5
102477,P104,2
106129,P116,1
101229,P108,0
103865,P117,1
108350,P105,5
102675,P104,0
104186,P108,4
109841,P110,2
104271,P106,0
105313,P105,2
107621,P109,5
100786,P105,2
102196,P110,1
104664,P111,0
102692,P114,2
104383,P111,5
101476,P115,2
102229,P107,3
107140,P110,1
109082,P111,1
108398,P118,2
104113,P111,4
105983,P117,1
108215,P112,3
102923,P117,5
102395,P117,4
106162,P117,1
105386,P114,1
103300,P107,4
109847,P111,4
107104,P112,3
104194,P116,2
104852,P104,2
102007,P104,4
102118,P110,0
107496,P106,0
102948,P107,5
103224,P116,3
108177,P106,4
100429,P111,0
105236,P111,4
101272,P110,3
109386,P108,2
103748,P110,5
107765,P110,1
104277,P109,1
102844,P105,0
106897,P116,1
106568,P108,3
102932,P117,4
104450,P104,1
109972,P104,4
102581,P104,4
109109,P107,0
103478,P111,4
107509,P118,2
104857,P108,5
102201,P109,3
105540,P116,1
102375,P118,2
104547,P115,5
100271,P118,0
109073,P117,5
102579,P111,2
102834,P112,4
108271,P113,4
105943,P104,5
103668,P118,1
106327,P109,3
109719,P108,5
108579,P111,3
109866,P107,2
106958,P107,2
101233,P109,0
105618,P116,2
108480,P115,4
100231,P108,5
104882,P109,1
107043,P111,1
108650,P117,3
104196,P105,1
108130,P111,4
101345,P113,3
101761,P106,4
101524,P118,3
101976,P108,2
107631,P107,3
109455,P113,4
103010,P114,1
102383,P107,0
103317,P108,3
103738,P117,0
108353,P111,2
108201,P115,1
102707,P106,5
108869,P108,1
107054,P104,2
102957,P113,3
102565,P108,3
102983,P114,1
105090,P111,0
102007,P104,0
101619,P114,2
103949,P115,3
101017,P113,2
105947,P111,2
106754,P110,3
101492,P116,1
108641,P108,1
108402,P115,4
109352,P110,2
109818,P104,0
101482,P104,3
103583,P108,5
105079,P105,0
102851,P104,1
107259,P117,0
101209,P113,3
106883,P107,5
106750,P104,4
109656,P116,3
105109,P112,2
100073,P116,5
104974,P106,1
105877,P117,5
105594,P105,2
103537,P111,5
102918,P109,5
107208,P115,2
104326,P117,2
106950,P108,3
109038,P113,0
106371,P116,3
104811,P112,0
102188,P118,5
100334,P112,2
106697,P110,3
102813,P114,2
106939,P110,2
109426,P112,2
101135,P108,1
106357,P108,1
102661,P115,5
106024,P114,2
100525,P113,2
100869,P116,4
100644,P113,4
101116,P116,3
106343,P104,0
100213,P105,2
107774,P105,3
105831,P105,5
106874,P112,1
102421,P104,0
106244,P106,5
105659,P109,5
102953,P107,2
105658,P107,4
100608,P116,4
106317,P104,5
105043,P109,1
109480,P106,2
104766,P106,2
105264,P110,3
107301,P107,2
107494,P112,1
103035,P107,4
106058,P115,2
102323,P106,1
103084,P111,2
101795,P112,0
107399,P105,3
108853,P109,4
102310,P109,3
103308,P109,2
106277,P109,0
107984,P114,0
102510,P115,3
100200,P110,3
103644,P112,5
109436,P106,4
100788,P112,0
102795,P107,2
102020,P108,0
108690,P112,4
107345,P108,3
106661,P116,4
102447,P116,2
108653,P111,0
101614,P109,4
106180,P109,3
106554,P117,1
108123,P107,4
101725,P115,1
107983,P109,3
109082,P117,2
105875,P104,5
103076,P107,5
100305,P112,2
108308,P114,0
108273,P114,2
102984,P115,1
105911,P114,4
109546,P115,3
104690,P109,0
101941,P116,3
106991,P106,3
105791,P115,4
102830,P114,0
105352,P109,4
109836,P110,0
103564,P104,3
104042,P104,4
100133,P113,0
104409,P107,1
103021,P105,5
109683,P108,2
102893,P116,4
107721,P105,3
102101,P117,2
105571,P111,4
103825,P108,3
102012,P116,4
102130,P115,4
109657,P108,1
107476,P107,1
105483,P108,3
103562,P105,4
103121,P104,0
101964,P116,4
105924,P112,4
100743,P116,3
101971,P113,5
101350,P113,3
109106,P116,1
102196,P110,1
107686,P110,1
101951,P115,0
107276,P105,0
103331,P105,2
103378,P110,4
109372,P108,4
107754,P113,5
100678,P109,1
102660,P117,4
103034,P118,0
108787,P106,1
109644,P112,1
106422,P106,0
105226,P108,0
102699,P114,5
103268,P117,1
101155,P109,0
109387,P116,2
102056,P112,2
106075,P109,3
108594,P113,1
109730,P110,2
105300,P107,0
102360,P115,0
109542,P107,2
100040,P118,5
105648,P105,2
106475,P104,2
100004,P112,0
109722,P113,4
101542,P118,4
108652,P106,1
106853,P118,2
107626,P104,0
102793,P109,0
105636,P109,0
106403,P117,0
103034,P115,4
103686,P104,1
106998,P115,5
109283,P113,0
101599,P105,1
108232,P107,2
107193,P108,5
109061,P107,1
102875,P104,0
102879,P104,0
106396,P106,2
103008,P114,5
100504,P106,1
109102,P107,4
105204,P115,0
109985,P105,4
106392,P112,2
108877,P104,4
109764,P105,4
109027,P111,4
105708,P108,0
103528,P108,2
100742,P112,2
103591,P116,1
108602,P112,5
102711,P115,0
105482,P110,1
103944,P116,4
103476,P109,4
105134,P112,1
103585,P106,5
108720,P116,3
101386,P109,3
106670,P114,3
103408,P104,1
100530,P105,0
102313,P118,3
100420,P107,3
109385,P104,5
106635,P118,5
101402,P112,4
100308,P107,0
100032,P112,1
109609,P118,5
108118,P108,2
108637,P104,1
102527,P116,0
104847,P113,0
103345,P113,2
100873,P115,3
101062,P117,2
107932,P110,2
104572,P105,5
100061,P114,4
102038,P104,4
105649,P114,2
109708,P118,4
108250,P108,1
101180,P118,3
105347,P105,5
106155,P109,3
102040,P113,3
109864,P110,1
109368,P112,5
108757,P107,0
108083,P109,3
101748,P108,3
102689,P109,2
105238,P117,5
105836,P105,0
105262,P112,2
102241,P112,1
100088,P108,3
102424,P106,5
104379,P115,4
102537,P117,5
106076,P111,0
105776,P112,0
109383,P118,2
104616,P117,5
104838,P113,1
102862,P111,1
103778,P104,4
101825,P116,1
103961,P110,0
101288,P113,3
105107,P116,1
105457,P117,0
104205,P109,1
100502,P114,0
100083,P113,3
109014,P111,4
100744,P112,1
101310,P110,0
104608,P111,0
104856,P109,0
108756,P104,1
102598,P110,1
105162,P116,2
107481,P114,0
105209,P105,0
103430,P115,1
103930,P115,1
109598,P109,2
100572,P107,3
109054,P107,2
104611,P115,4
104083,P117,3
106807,P115,2
101930,P106,0
100246,P110,0
108939,P105,1
108231,P105,3
104524,P116,3
109736,P117,0
109457,P104,0
107758,P109,0
104484,P118,0
107997,P107,4
108739,P108,5
100749,P115,2
100683,P108,5
100004,P110,0
108226,P107,3
103818,P114,2
104072,P112,2
107907,P107,5
102624,P104,4
104014,P111,4
108010,P118,0
100591,P107,3
101098,P116,5
107325,P114,0
108454,P105,3
107829,P115,2
105592,P115,0
102437,P117,2
103011,P115,1
105759,P113,2
102616,P104,0
108317,P112,4
108690,P109,3
103384,P104,2
106824,P116,2
108111,P113,5
103494,P114,2
102219,P107,0
107523,P105,1
101362,P111,2
106534,P117,4
105077,P110,1
103846,P108,1
108251,P105,4
109158,P108,2
101421,P116,3
108905,P105,4
102213,P115,3
104656,P104,1
100258,P116,1
106101,P109,0
103371,P104,2
106151,P116,4
103319,P116,2
100865,P117,2
102579,P106,2
103588,P106,1
103482,P109,2
105031,P106,0
106078,P107,2
109734,P114,2
107718,P111,3
109148,P104,1
105150,P112,4
109134,P117,2
101633,P110,1
100563,P115,5
101898,P117,2
106213,P110,1
107233,P106,4
103208,P113,1
102490,P109,3
104946,P112,5
109518,P105,2
101288,P118,1
103417,P109,2
109146,P108,1
102760,P105,0
105892,P111,0
109813,P112,5
103631,P105,0
106369,P104,5
109936,P114,5
105275,P110,2
108712,P107,2
102082,P113,5
107969,P113,0
103944,P114,3
108278,P117,4
108206,P108,3
108955,P110,5
105262,P113,4
100290,P112,4
107826,P116,1
107923,P106,5
103144,P107,1
102675,P113,0
109965,P113,0
102811,P118,2
102615,P116,3
101206,P109,0
108200,P108,3
103214,P107,1
100671,P108,1
107657,P106,4
108792,P118,2
100808,P118,0
107631,P111,0
100990,P106,5
101794,P117,4
108060,P114,1
109867,P117,5
100465,P105,2
100593,P114,5
100874,P116,5
105539,P109,3
108113,P113,0
103438,P114,5
101934,P108,0
105606,P107,1
100201,P111,1
106887,P105,4
103315,P111,3
104951,P112,1
108237,P107,0
101017,P114,5
104022,P105,5
100539,P105,3
100136,P116,0
102960,P113,5
108837,P116,5
107781,P116,2
107537,P113,5
100168,P106,3
101843,P107,1
105591,P113,3
100572,P118,1
105594,P110,4
104181,P110,2
107627,P118,3
109738,P114,5
106668,P114,1
102650,P117,1
102035,P118,5
100076,P109,2
104443,P110,4
101346,P104,2
109850,P117,3
100641,P117,1
105424,P110,5
104930,P104,4
103328,P104,3
102252,P117,4
107585,P111,4
100063,P116,2
107523,P109,0
101757,P104,4
105190,P112,2
100360,P106,2
102698,P114,0
106249,P106,1
109466,P104,0
108439,P113,1
104736,P107,3
101322,P106,3
101325,P111,0
108794,P108,3
107298,P106,3
104370,P111,2
108954,P114,5
109448,P109,2
101322,P107,5
109037,P106,5
100028,P115,4
109832,P105,3
106380,P114,3
106023,P105,2
102853,P118,5
109484,P105,2
102735,P118,1
103802,P113,3
101640,P106,1
106903,P113,1
100173,P107,5
106632,P109,2
102417,P114,4
103724,P111,4
101183,P108,0
105596,P114,1
105765,P113,5
102044,P115,4
106135,P114,1
109912,P108,0
106126,P106,1
103899,P112,2
108748,P110,2
102922,P106,1
105064,P104,1
109768,P109,5
106287,P107,0
103578,P112,3
106040,P105,5
107853,P106,4
101460,P115,5
106541,P104,1
100691,P118,0
103050,P104,3
109962,P115,1
109463,P118,0
101031,P105,2
101542,P105,5
100243,P115,5
106641,P111,1
106789,P104,2
101560,P105,0
104256,P109,0
108111,P110,0
106877,P107,1
107929,P106,5
107310,P106,2
109395,P107,2
106630,P110,5
104396,P106,3
109855,P116,1
101919,P107,3
109514,P107,4
100084,P115,1
101670,P112,1
105290,P112,4
109214,P115,1
103090,P118,1
102584,P105,3
109909,P111,5
106335,P115,4
100955,P112,5
100948,P115,0
100478,P113,0
105191,P117,0
105659,P112,0
103023,P113,3
106532,P117,1
104296,P108,0
109591,P116,5
102675,P107,5
101347,P108,1
107801,P108,2
107112,P110,4
101007,P106,0
104392,P109,1
100039,P109,0
108657,P108,3
102418,P110,3
107452,P106,0
102427,P106,1
102883,P107,2
105243,P109,5
108354,P114,0
106910,P115,3
103489,P106,4
108588,P109,3
104057,P106,1
101686,P106,1
105096,P109,1
108941,P118,5
103673,P104,2
103268,P112,5
103908,P112,4
100719,P118,2
108604,P118,5
102123,P105,1
109938,P114,0
105131,P105,0
102445,P112,5
102963,P107,0
104681,P106,4
108311,P110,4
108949,P104,2
104712,P114,0
109207,P111,2
106687,P112,4
104845,P118,3
102841,P104,5
102158,P114,1
107859,P116,1
109416,P110,4
107256,P106,3
101727,P108,0
101399,P112,5
105202,P113,2
104833,P118,0
108453,P114,0
109650,P114,2
104294,P107,0
106026,P106,1
101290,P118,3
102899,P112,3
107898,P104,3
105448,P112,5
105322,P110,5
103703,P111,0
100144,P110,4
109946,P108,4
104777,P111,4
105900,P106,0
107477,P110,1
107314,P107,1
105216,P110,0
105589,P105,1
100503,P110,3
105689,P114,1
106161,P118,4
102913,P106,5
103262,P104,1
108286,P113,4
105572,P112,1
103966,P117,5
107915,P111,3
102582,P104,4
107727,P118,2
100323,P109,1
105608,P111,3
101217,P113,0
105965,P116,4
109921,P115,0
108291,P104,0
101927,P112,0
104891,P111,4
109008,P110,3
109399,P108,5
108902,P109,0
105673,P110,1
106055,P113,5
100118,P107,0
102200,P112,1
109398,P111,4
104895,P111,0
108565,P104,4
102689,P115,4
101046,P106,5
108221,P106,0
106352,P107,2
103422,P107,2
106427,P105,5
108168,P108,5
102386,P117,3
101499,P112,1
106796,P106,2
105391,P116,4
101889,P117,5
103597,P111,4
108896,P109,1
105195,P106,0
102119,P116,2
101714,P111,1
106311,P111,5
106538,P114,3
104080,P105,1
106200,P110,0
109953,P109,3
101941,P108,1
106973,P111,3
107429,P110,2
109716,P113,2
103138,P117,2
104051,P116,5
108862,P110,2
101818,P114,2
102629,P118,5
105935,P105,3
102488,P112,2
102755,P114,0
101383,P111,0
104557,P113,1
102286,P110,5
109355,P105,5
103717,P114,4
108060,P110,1
105679,P115,0
103030,P115,4
101958,P116,5
101749,P112,5
103608,P108,1
101178,P113,0
104132,P107,1
100016,P116,0
103375,P115,0
100154,P118,2
103068,P113,1
103058,P112,1
105007,P116,4
107414,P114,1
101697,P107,1
106960,P111,5
103737,P112,1
107099,P105,4
104011,P116,4
105972,P106,5
105903,P116,5
100765,P116,4
100912,P118,1
108339,P110,4
102861,P111,2
108089,P111,5
102452,P112,1
105138,P105,0
103352,P116,4
102513,P116,1
100837,P114,4
102084,P118,1
107839,P107,4
105171,P115,5
109996,P117,0
103386,P115,0
106824,P111,2
104804,P110,3
103829,P109,5
106669,P109,0
104139,P110,1
101301,P109,1
109585,P104,0
108616,P106,3
106006,P117,3
102873,P108,1
109300,P112,4
104123,P118,5
109860,P105,0
108194,P116,0
106014,P118,5
100215,P112,3
109011,P110,3
104322,P113,4
105566,P104,4
103251,P117,4
109203,P112,3
105166,P105,3
105195,P115,3
109525,P111,0
100200,P114,3
100254,P108,3
108627,P106,0
107229,P110,0
108251,P109,5
105550,P112,0
104907,P116,3
104505,P107,5
109868,P118,1
101798,P105,5
109929,P112,4
104281,P106,2
105852,P108,4
106668,P116,2
102949,P112,3
108406,P104,0
108781,P108,4
104435,P113,2
101138,P116,2
105375,P111,3
105673,P108,2
104589,P110,4
103277,P114,3
105153,P116,3
105712,P107,5
108292,P106,5
102015,P111,4
105421,P117,1
106074,P110,0
102922,P106,5
100210,P115,3
105802,P118,0
105542,P113,3
107268,P107,2
108465,P106,3
105878,P114,5
102711,P117,4
105966,P110,4
104638,P107,2
102213,P115,4
108682,P117,5
106507,P112,5
104743,P108,5
106040,P115,1
100260,P111,1
101926,P112,3
108536,P104,4
109924,P118,4
105268,P115,4
106920,P104,3
107796,P108,5
105946,P109,1
104124,P110,1
105703,P109,4
107740,P118,1
100792,P112,5
102080,P105,0
103597,P105,5
101914,P112,1
105373,P106,2
103693,P111,0
106529,P116,2
104371,P118,3
107651,P106,1
104959,P110,5
104108,P108,2
103619,P105,5
105934,P115,1
100962,P108,0
100859,P118,3
106720,P118,5
100850,P104,0
107675,P104,1
107243,P111,2
103366,P115,2
106211,P118,4
102229,P109,2
100774,P113,5
102997,P118,4
105230,P117,5
102406,P108,0
105063,P110,1
106212,P106,0
109036,P113,0
102174,P112,1
102375,P108,3
106859,P116,2
104785,P110,1
101943,P113,5
106592,P114,5
102277,P114,0
107460,P114,1
102307,P105,2
104644,P107,2
102484,P107,0
100712,P111,4
103159,P112,1
108466,P106,1
103367,P113,3
100803,P107,0
103984,P116,1
108458,P111,4
100975,P111,5
101496,P116,2
108545,P113,5
109400,P113,3
104824,P114,1
100628,P105,2
108806,P111,1
103881,P108,1
109775,P113,3
105963,P115,3
107041,P118,4
101756,P116,4
103599,P105,5
104884,P117,5
106335,P116,5
106361,P114,3
107052,P117,0
101297,P116,0
102446,P111,3
109535,P105,0
105646,P104,1
107532,P111,0
103659,P118,4
102001,P117,2
109418,P104,2
101068,P117,0
105133,P114,3
107229,P111,4
102365,P111,2
108280,P104,3
109240,P113,5
106823,P113,2
106432,P112,2
105126,P105,2
107269,P114,5
100879,P109,0
106296,P116,0
100099,P106,5
105212,P108,1
100164,P109,1
107909,P107,0
107956,P113,1
107980,P113,3
106402,P112,1
105798,P107,5
106290,P111,3
107245,P112,4
105707,P114,5
104774,P117,1
105371,P108,1
107748,P108,4
106771,P104,4
108271,P107,0
109419,P112,1
102656,P109,3
102258,P116,2
100444,P107,1
106266,P111,0
102991,P118,0
108910,P110,5
104529,P115,5
102329,P117,3
105888,P117,4
109399,P109,4
106556,P117,2
102413,P105,2
103113,P105,4
100742,P110,4
105753,P105,0
108338,P109,5
104735,P106,2
101544,P114,1
108926,P108,5
105279,P114,5
107254,P113,0
103338,P114,2
105215,P111,4
100207,P107,3
105574,P113,4
107386,P116,5
107602,P114,1
100830,P108,1
100065,P105,3
100838,P108,5
109590,P115,4
105855,P111,5
108973,P116,4
104448,P118,5
105573,P109,3
107631,P107,0
104710,P105,2
108530,P113,4
108155,P105,4
102544,P117,0
102699,P115,5
100499,P105,1
101795,P112,1
102892,P110,5
102633,P109,1
109989,P112,2
108898,P113,0
101298,P116,2
107207,P113,5
100700,P104,5
103342,P106,5
107688,P118,2
101508,P104,3
100439,P105,4
109362,P114,5
103707,P118,0
109815,P104,2
107957,P117,5
108622,P111,3
103974,P110,3
107040,P114,5
105046,P117,0
109357,P110,2
105777,P111,1
100835,P107,3
107709,P106,3
101877,P108,4
109102,P108,5
104895,P112,0
107724,P106,5
109868,P112,1
105173,P113,0
100196,P111,2
106044,P117,1
106367,P106,4
109170,P109,4
105011,P109,2
109171,P107,0
106824,P114,0
107173,P113,5
108716,P115,3
109999,P113,5
105115,P105,4
106363,P109,0
101459,P112,2
105693,P111,2
109390,P110,0
109890,P112,4
103619,P110,3
103064,P115,4
106818,P109,1
104419,P113,5
103047,P115,3
106034,P108,5
107071,P106,0
101269,P116,3
101583,P104,5
102369,P112,5
100693,P109,2
100102,P109,5
106381,P113,3
101822,P113,1
109823,P111,1
106235,P114,0
105755,P104,0
109847,P114,2
106184,P114,4
102227,P104,1
102289,P111,1
109221,P108,4
104837,P110,0
108200,P117,2
108731,P113,1
106809,P113,2
106305,P111,4
101410,P111,2
101880,P111,0
106169,P107,0
100155,P107,4
105909,P104,4
104110,P111,1
100988,P116,2
103777,P117,2
109494,P118,5
101047,P109,1
100660,P115,3
102120,P106,4
102590,P118,1
104967,P115,3
101892,P112,5
108568,P110,3
104930,P107,5
109398,P115,1
105994,P105,5
107078,P111,4
104647,P114,0
108125,P108,3
103126,P111,0
108522,P115,3
108355,P108,5
109082,P105,5
101548,P108,1
101393,P105,4
102397,P107,1
102907,P104,2
109834,P105,5
100269,P113,1
109453,P105,1
102303,P114,3
105203,P114,5
107327,P104,5
104332,P113,1
107996,P111,5
109072,P116,1
103746,P115,2
103963,P113,1
102330,P117,1
107467,P110,5
100768,P105,2
108435,P105,2
109636,P116,3
103620,P115,0
105804,P113,2
101418,P117,2
107752,P111,2
107523,P105,2
107643,P104,3
103185,P110,2
104455,P104,0
107760,P112,2
103292,P112,3
101623,P115,4
102705,P115,3
102719,P107,1
107901,P118,1
100993,P107,1
101959,P117,1
103943,P112,2
107551,P106,3
107486,P114,4
100054,P115,1
100938,P118,4
106902,P110,2
108843,P104,0
109333,P108,0
102797,P107,2
105201,P111,1
100733,P111,0
104394,P110,5
105695,P108,5
106333,P108,0
106359,P108,4
107463,P115,4
101346,P116,2
101732,P115,0
107088,P105,4
103257,P112,1
109994,P110,3
100707,P108,0
101628,P115,0
109091,P104,3
103274,P118,0
101291,P107,3
109161,P106,0
101098,P113,2
109104,P118,4
106989,P109,4
100176,P116,0
106006,P109,2
108077,P116,5
102704,P111,3
100684,P113,5
103496,P108,5
102947,P115,2
108814,P109,5
107032,P114,5
105916,P110,5
106376,P105,4
106822,P109,0
102878,P114,0
109303,P112,4
106764,P111,2
104902,P118,4
105882,P117,1
107580,P114,1
105902,P108,1
108431,P116,5
102581,P106,4
100863,P117,0
104865,P105,0
108829,P107,0
100375,P104,3
102271,P117,0
106486,P117,2
105517,P104,1
102262,P109,1
107825,P112,5
107690,P116,2
100930,P113,3
106430,P105,2
101238,P111,4
100226,P118,1
103321,P106,1
104872,P111,1
106662,P104,2
108508,P107,2
101838,P116,2
109667,P113,4
102614,P110,2
101318,P107,1
102279,P109,0
103418,P114,1
107159,P107,2
101594,P104,5
102862,P106,2
105983,P112,4
105126,P117,3
104298,P118,5
109392,P118,2
100073,P107,0
106925,P116,0
109013,P105,2
105172,P108,3
108314,P118,4
106323,P109,5
101915,P105,0
103220,P113,2
104906,P113,5
103660,P112,5
100432,P114,3
107253,P113,3
101522,P111,3
101558,P116,0
102917,P118,4
107588,P109,2
101578,P105,3
102027,P106,3
105917,P109,0
103594,P110,0
108731,P106,5
103830,P118,5
106427,P112,0
103581,P104,5
102540,P111,5
101179,P113,2
106827,P108,4
101962,P117,5
104375,P114,1
108119,P108,1
106750,P105,5
108996,P105,0
106830,P110,2
109205,P115,5
104518,P109,3
102202,P111,3
104625,P115,4
109980,P112,0
107806,P109,5
100218,P117,4
103281,P105,3
100455,P104,4
106549,P114,3
105280,P118,4
105043,P108,5
101018,P117,5
104583,P114,4
109027,P107,5
108223,P118,2
108080,P114,5
100783,P118,2
105715,P109,0
108775,P104,5
100399,P117,2
104829,P118,2
106857,P108,1
108136,P110,0
106014,P109,1
100359,P115,0
100670,P105,4
109618,P113,4
104026,P114,4
108468,P118,2
102337,P116,5
102836,P117,1
105015,P117,5
106967,P106,1
104440,P104,1
102460,P105,4
103637,P105,1
103246,P104,5
101325,P117,2
109058,P118,1
103094,P111,4
107955,P107,2
100314,P111,5
105697,P112,5
104303,P113,0
108891,P109,5
100893,P112,2
106062,P105,4
100976,P113,1
107752,P114,4
104907,P117,5
100173,P113,2
109981,P112,1
106038,P105,3
103009,P106,4
105107,P118,0
102019,P115,0
101579,P118,3
109180,P118,3
102255,P107,0
101316,P107,4
106756,P115,2
103099,P118,5
103327,P106,3
103088,P104,1
102642,P105,3
101510,P116,2
106871,P112,4
103029,P118,1
108765,P110,1
100700,P112,4
100294,P113,2
109717,P116,0
109779,P114,2
108079,P112,4
102648,P113,2
106834,P104,4
100012,P105,2
103483,P108,1
105710,P117,0
107509,P115,4
109224,P105,4
105055,P104,4
105489,P112,1
104744,P113,5
105861,P109,5
108755,P107,3
103397,P115,2
100634,P115,0
105358,P115,3
100698,P115,3
109799,P111,2
105114,P104,0
105745,P118,4
109284,P118,2
105886,P109,5
104716,P111,0
106621,P111,5
109178,P106,3
104805,P105,2
104830,P115,5
106020,P115,1
102657,P117,1
107125,P109,4
104448,P111,2
105641,P114,2
102785,P116,4
104583,P115,4
107876,P111,5
102656,P110,1
101282,P104,5
109766,P118,1
105066,P105,2
100559,P104,2
102296,P116,2
108177,P111,2
105454,P109,4
105593,P113,1
107583,P109,5
106425,P105,4
107893,P110,0
104934,P115,2
101247,P105,2
104896,P108,5
100522,P111,2
101428,P116,4
105745,P117,1
100305,P114,3
100929,P106,4
104479,P117,0
106857,P107,0
107226,P110,1
108628,P106,0
108491,P106,5
108771,P113,4
100950,P113,2
105155,P115,4
108330,P109,1
102378,P114,1
102707,P117,3
103271,P106,1
100808,P105,4
109256,P118,4
101554,P107,2
100127,P108,1
104232,P105,4
109264,P105,2
109782,P115,2
105027,P104,5
109432,P109,1
103653,P117,1
108299,P104,1
106880,P105,0
104216,P114,4
101140,P115,2
104125,P107,1
107870,P115,5
105254,P110,3
102835,P113,4
102981,P113,3
105300,P108,4
103572,P104,5
103609,P104,1
105590,P107,5
103883,P109,5
104413,P107,2
105919,P114,0
101707,P115,4
102688,P111,0
105022,P109,3
101750,P110,5
109824,P117,2
104043,P108,1
104160,P109,0
103103,P104,5
106824,P109,5
109791,P109,1
107362,P108,3
108000,P107,4
102279,P109,3
103519,P117,2
109849,P104,0
104927,P104,4
103021,P116,1
104626,P110,4
103580,P104,4
103576,P108,0
100183,P108,1
108865,P114,3
108652,P114,1
108930,P113,5
107336,P112,2
106761,P111,0
107730,P115,1
102904,P112,2
106685,P118,2
109675,P107,3
103232,P107,5
101733,P108,3
109137,P108,0
104969,P114,2
108999,P115,0
103863,P104,1
100288,P114,2
104074,P113,1
104929,P106,1
109844,P104,5
103823,P106,4
107918,P113,5
102970,P109,1
104484,P111,4
108097,P114,4
106676,P104,0
107061,P111,5
106808,P111,2
104744,P104,4
104228,P111,5
105944,P116,0
101159,P116,3
106385,P113,2
100211,P116,1
104328,P108,3
101651,P111,2
108496,P118,0
105130,P113,3
105433,P113,3
106882,P115,4
102262,P111,1
104964,P107,5
108490,P112,3
101960,P107,3
105340,P108,2
104430,P113,5
100641,P118,0
108653,P106,4
104844,P112,5
102547,P108,5
104837,P112,1
105579,P105,3
104563,P117,2
107389,P105,4
104373,P113,0
107602,P115,0
103883,P108,0
101157,P107,1
108120,P116,1
105942,P111,2
109370,P114,4
103016,P105,1
106690,P118,4
109248,P112,0
104036,P110,3
101739,P105,4
100030,P114,0
102641,P114,0
105431,P115,3
105259,P105,4
107776,P116,0
107785,P109,3
106858,P111,2
106567,P109,2
100560,P116,4
106857,P114,1
103340,P117,3
107523,P115,0
109272,P111,0
106715,P113,3
104440,P113,4
108289,P104,5
104091,P113,4
102128,P116,3
103093,P117,3
106552,P109,2
101055,P116,0
108832,P107,1
100753,P104,4
101290,P114,0
106398,P116,4
105852,P111,4
100987,P111,1
101988,P106,4
102890,P112,5
105086,P111,5
101405,P112,2
104263,P107,3
101068,P104,5
108524,P112,3
107090,P115,3
101763,P110,3
109282,P113,2
100693,P113,2
108840,P114,2
106110,P113,5
104379,P110,4
105515,P111,5
107453,P108,2
100090,P110,0
100156,P106,0
101678,P116,2
100272,P116,1
108390,P108,1
100301,P112,2
101255,P115,2
100794,P114,0
108351,P110,2
107797,P107,0
107766,P105,5
106860,P107,2
101857,P110,1
104562,P112,2
101533,P117,3
100813,P104,2
109290,P113,2
109307,P107,2
108285,P112,5
109694,P118,3
100524,P104,2
103989,P118,2
109890,P114,0
106781,P106,3
108162,P108,1
109735,P107,2
103894,P117,5
103414,P108,3
105169,P104,4
108380,P118,3
109532,P114,0
100518,P105,3
105943,P108,1
103396,P111,0
108153,P108,3
101409,P112,0
105973,P106,2
108854,P118,1
103559,P115,1
106194,P109,5
106056,P115,2
100754,P118,4
104125,P115,1
106640,P105,4
109459,P108,3
109523,P105,2
107230,P109,1
103935,P114,3
106680,P112,2
109268,P111,2
106837,P107,0
101677,P110,1
109235,P116,4
100410,P117,4
109389,P109,5
102608,P117,4
100152,P109,5
108764,P104,4
108608,P104,2
101882,P112,4
106842,P115,2
102487,P116,5
103079,P108,4
100870,P114,3
105462,P108,2
103309,P114,4
100145,P106,2
107001,P113,0
101798,P110,4
109787,P112,0
103152,P104,3
106791,P108,5
102541,P115,3
100034,P106,5
109327,P108,2
105590,P111,3
107886,P117,0
101851,P104,1
103117,P106,0
105755,P117,1
107862,P104,3
104628,P109,4
109181,P116,3
100731,P114,2
103037,P112,2
109232,P113,5
103374,P112,3
108884,P116,1
101568,P117,3
106182,P114,1
101076,P110,0
106019,P118,0
107439,P107,1
100340,P116,1
104339,P116,2
107968,P108,4
108719,P107,4
104603,P107,5
102817,P106,2
105981,P108,2
107575,P118,4
100423,P115,4
107159,P113,0
106696,P112,2
102028,P114,2
105214,P116,2
101878,P109,2
108262,P118,3
101651,P112,2
102031,P109,5
103012,P106,4
105040,P107,1
108285,P110,3
102786,P108,1
103005,P108,5
100228,P104,4
100048,P107,3
101860,P115,3
106102,P116,3
109798,P111,3
108508,P114,4
100447,P111,4
105365,P104,4
103843,P108,3
102714,P112,0
100608,P116,4
108191,P106,5
103087,P118,5
109001,P117,0
103837,P104,3
102368,P115,3
109908,P109,5
105920,P106,3
100595,P117,0
100499,P118,1
100219,P114,3
100111,P116,4
109962,P113,2
103154,P114,3
108584,P111,5
103798,P111,2
104489,P117,4
109510,P114,2
100752,P117,5
101187,P104,5
102580,P107,2
102111,P113,2
100588,P112,4
100669,P117,4
100141,P113,1
105862,P106,2
100886,P114,4
106458,P105,0
102436,P116,0
107158,P111,3
107325,P114,2
109880,P112,3
105847,P109,1
108225,P116,1
107424,P117,1
105452,P113,5
106478,P116,3
100518,P116,0
106409,P110,4
108022,P115,4
103187,P116,1
102244,P105,1
102491,P116,0
104261,P107,1
102977,P116,2
103159,P113,2
107718,P107,3
105596,P117,2
101212,P118,0
101737,P109,2
104471,P113,4
107040,P112,2
107239,P109,0
101379,P114,0
107944,P105,5
102554,P114,0
107439,P113,3
106345,P114,2
106405,P116,4
108901,P107,5
109558,P111,1
104800,P118,0
104421,P113,0
100148,P110,0
100055,P109,2
101507,P117,3
109300,P110,4
105170,P108,4
100869,P109,1
108047,P108,3
104013,P116,2
101935,P118,1
108424,P113,3
108341,P104,5
100940,P118,5
109987,P104,1
100920,P107,2
109408,P108,0
109590,P112,3
100101,P116,1
109565,P114,1
103033,P104,5
107873,P105,4
107751,P106,2
106237,P116,1
102622,P106,4
101809,P115,3
101517,P118,1
100975,P108,3
108508,P111,1
109758,P113,0
104591,P115,0
103178,P118,4
106718,P114,2
100419,P112,4
103617,P106,3
108902,P117,2
107516,P111,0
106675,P109,3
107891,P112,4
101440,P118,1
100541,P112,0
106895,P104,0
104721,P109,3
100984,P113,1
107465,P109,3
100084,P116,5
105821,P111,0
101463,P104,5
107667,P114,2
104227,P110,3
109473,P111,5
106067,P112,5
104559,P108,1
107870,P116,3
103030,P107,3
105977,P107,1
105680,P112,0
104245,P115,0
108743,P115,0
105018,P114,0
103854,P113,5
100929,P116,2
101078,P110,4
105041,P106,2
106926,P115,4
109043,P108,4
107718,P108,5
109329,P109,5
106044,P112,5
106406,P107,2
101514,P117,0
108895,P117,2
102044,P117,1
101392,P114,0
103751,P109,4
106914,P110,1
103671,P114,3
100152,P118,0
107940,P111,4
105696,P117,0
109485,P115,5
107591,P104,5
104204,P117,3
102077,P114,5
104622,P104,1
109770,P107,4
106990,P105,3
107873,P108,0
100670,P110,4
101528,P108,1
101212,P109,2
105169,P105,2
106873,P115,0
104824,P118,0
